Time	discharge_m3_s
01.01.11 01:00	
02.01.11 01:00	
03.01.11 01:00	
04.01.11 01:00	
05.01.11 01:00	
06.01.11 01:00	
07.01.11 01:00	
08.01.11 01:00	
09.01.11 01:00	
10.01.11 01:00	
11.01.11 01:00	
12.01.11 01:00	
13.01.11 01:00	
14.01.11 01:00	
15.01.11 01:00	
16.01.11 01:00	
17.01.11 01:00	
18.01.11 01:00	
19.01.11 01:00	
20.01.11 01:00	
21.01.11 01:00	
22.01.11 01:00	
23.01.11 01:00	
24.01.11 01:00	
25.01.11 01:00	
26.01.11 01:00	
27.01.11 01:00	
28.01.11 01:00	
29.01.11 01:00	
30.01.11 01:00	
31.01.11 01:00	
01.02.11 01:00	
02.02.11 01:00	
03.02.11 01:00	
04.02.11 01:00	
05.02.11 01:00	
06.02.11 01:00	
07.02.11 01:00	
08.02.11 01:00	
09.02.11 01:00	
10.02.11 01:00	
11.02.11 01:00	
12.02.11 01:00	
13.02.11 01:00	
14.02.11 01:00	
15.02.11 01:00	
16.02.11 01:00	
17.02.11 01:00	
18.02.11 01:00	
19.02.11 01:00	
20.02.11 01:00	
21.02.11 01:00	
22.02.11 01:00	
23.02.11 01:00	
24.02.11 01:00	
25.02.11 01:00	
26.02.11 01:00	
27.02.11 01:00	
28.02.11 01:00	
01.03.11 01:00	
02.03.11 01:00	
03.03.11 01:00	
04.03.11 01:00	
05.03.11 01:00	
06.03.11 01:00	
07.03.11 01:00	
08.03.11 01:00	
09.03.11 01:00	
10.03.11 01:00	
11.03.11 01:00	
12.03.11 01:00	
13.03.11 01:00	
14.03.11 01:00	
15.03.11 01:00	
16.03.11 01:00	
17.03.11 01:00	
18.03.11 01:00	
19.03.11 01:00	
20.03.11 01:00	
21.03.11 01:00	
22.03.11 01:00	
23.03.11 01:00	
24.03.11 01:00	
25.03.11 01:00	
26.03.11 01:00	
27.03.11 01:00	
28.03.11 02:00	
29.03.11 02:00	
30.03.11 02:00	
31.03.11 02:00	
01.04.11 02:00	
02.04.11 02:00	
03.04.11 02:00	
04.04.11 02:00	
05.04.11 02:00	
06.04.11 02:00	
07.04.11 02:00	
08.04.11 02:00	
09.04.11 02:00	
10.04.11 02:00	
11.04.11 02:00	
12.04.11 02:00	
13.04.11 02:00	
14.04.11 02:00	
15.04.11 02:00	
16.04.11 02:00	
17.04.11 02:00	
18.04.11 02:00	
19.04.11 02:00	
20.04.11 02:00	
21.04.11 02:00	
22.04.11 02:00	
23.04.11 02:00	
24.04.11 02:00	
25.04.11 02:00	
26.04.11 02:00	
27.04.11 02:00	
28.04.11 02:00	
29.04.11 02:00	
30.04.11 02:00	
01.05.11 02:00	
02.05.11 02:00	
03.05.11 02:00	
04.05.11 02:00	
05.05.11 02:00	
06.05.11 02:00	
07.05.11 02:00	
08.05.11 02:00	
09.05.11 02:00	
10.05.11 02:00	
11.05.11 02:00	
12.05.11 02:00	
13.05.11 02:00	
14.05.11 02:00	
15.05.11 02:00	
16.05.11 02:00	
17.05.11 02:00	
18.05.11 02:00	
19.05.11 02:00	
20.05.11 02:00	
21.05.11 02:00	
22.05.11 02:00	
23.05.11 02:00	
24.05.11 02:00	
25.05.11 02:00	
26.05.11 02:00	
27.05.11 02:00	
28.05.11 02:00	
29.05.11 02:00	
30.05.11 02:00	
31.05.11 02:00	
01.06.11 02:00	
02.06.11 02:00	
03.06.11 02:00	
04.06.11 02:00	
05.06.11 02:00	
06.06.11 02:00	33.4
07.06.11 02:00	28.6
08.06.11 02:00	32.8
09.06.11 02:00	33.8
10.06.11 02:00	29.3
11.06.11 02:00	31
12.06.11 02:00	32.5
13.06.11 02:00	32.6
14.06.11 02:00	30.6
15.06.11 02:00	26.7
16.06.11 02:00	27.1
17.06.11 02:00	37.8
18.06.11 02:00	66.4
19.06.11 02:00	56.5
20.06.11 02:00	39.1
21.06.11 02:00	34.8
22.06.11 02:00	35.5
23.06.11 02:00	42.7
24.06.11 02:00	35.9
25.06.11 02:00	29.1
26.06.11 02:00	26.7
27.06.11 02:00	25.4
28.06.11 02:00	23.5
29.06.11 02:00	22.1
30.06.11 02:00	20.2
01.07.11 02:00	16.9
02.07.11 02:00	14.7
03.07.11 02:00	13.4
04.07.11 02:00	13
05.07.11 02:00	13.5
06.07.11 02:00	12.9
07.07.11 02:00	13.9
08.07.11 02:00	14.6
09.07.11 02:00	13.3
10.07.11 02:00	12.8
11.07.11 02:00	14
12.07.11 02:00	12.3
13.07.11 02:00	13.9
14.07.11 02:00	19.6
15.07.11 02:00	16.9
16.07.11 02:00	14
17.07.11 02:00	20.4
18.07.11 02:00	45.3
19.07.11 02:00	29.9
20.07.11 02:00	28
21.07.11 02:00	19.7
22.07.11 02:00	17
23.07.11 02:00	17.4
24.07.11 02:00	16.8
25.07.11 02:00	14.9
26.07.11 02:00	13.6
27.07.11 02:00	15.1
28.07.11 02:00	15.8
29.07.11 02:00	13.5
30.07.11 02:00	12.5
31.07.11 02:00	11.9
01.08.11 02:00	11.6
02.08.11 02:00	11.2
03.08.11 02:00	16.3
04.08.11 02:00	14.4
05.08.11 02:00	13.2
06.08.11 02:00	16.1
07.08.11 02:00	26.1
08.08.11 02:00	42.1
09.08.11 02:00	29.8
10.08.11 02:00	19.8
11.08.11 02:00	17
12.08.11 02:00	15.5
13.08.11 02:00	14.9
14.08.11 02:00	15.4
15.08.11 02:00	28.4
16.08.11 02:00	18
17.08.11 02:00	15.3
18.08.11 02:00	15.3
19.08.11 02:00	14.1
20.08.11 02:00	13.3
21.08.11 02:00	12.6
22.08.11 02:00	12.1
23.08.11 02:00	11.3
24.08.11 02:00	10.5
25.08.11 02:00	9.93
26.08.11 02:00	9.69
27.08.11 02:00	17.9
28.08.11 02:00	12.3
29.08.11 02:00	10.5
30.08.11 02:00	9.61
31.08.11 02:00	9.28
01.09.11 02:00	8.7
02.09.11 02:00	8.36
03.09.11 02:00	8.01
04.09.11 02:00	12.6
05.09.11 02:00	22.6
06.09.11 02:00	14.8
07.09.11 02:00	12.4
08.09.11 02:00	11.5
09.09.11 02:00	10.6
10.09.11 02:00	9.7
11.09.11 02:00	9.17
12.09.11 02:00	14.7
13.09.11 02:00	10.4
14.09.11 02:00	9.46
15.09.11 02:00	8.81
16.09.11 02:00	8.19
17.09.11 02:00	8.45
18.09.11 02:00	42.3
19.09.11 02:00	47.2
20.09.11 02:00	30.1
21.09.11 02:00	26.5
22.09.11 02:00	23.2
23.09.11 02:00	20
24.09.11 02:00	17.6
25.09.11 02:00	16.2
26.09.11 02:00	15
27.09.11 02:00	14.2
28.09.11 02:00	13.6
29.09.11 02:00	13
30.09.11 02:00	12.5
01.10.11 02:00	12.1
02.10.11 02:00	11.5
03.10.11 02:00	10.9
04.10.11 02:00	10.2
05.10.11 02:00	9.68
06.10.11 02:00	9.31
07.10.11 02:00	14.6
08.10.11 02:00	11.3
09.10.11 02:00	10.8
10.10.11 02:00	14.3
11.10.11 02:00	13.3
12.10.11 02:00	12
13.10.11 02:00	11
14.10.11 02:00	10.1
15.10.11 02:00	9.35
16.10.11 02:00	8.86
17.10.11 02:00	8.57
18.10.11 02:00	8.29
19.10.11 02:00	8.15
20.10.11 02:00	8.72
21.10.11 02:00	7.62
22.10.11 02:00	7.32
23.10.11 02:00	7.06
24.10.11 02:00	6.92
25.10.11 02:00	7.77
26.10.11 02:00	13
27.10.11 02:00	9.49
28.10.11 02:00	8.38
29.10.11 02:00	7.92
30.10.11 02:00	7.65
31.10.11 01:00	7.34
01.11.11 01:00	7.07
02.11.11 01:00	6.93
03.11.11 01:00	6.8
04.11.11 01:00	6.89
05.11.11 01:00	17.3
06.11.11 01:00	14.8
07.11.11 01:00	13.3
08.11.11 01:00	14
09.11.11 01:00	13.1
10.11.11 01:00	12.1
11.11.11 01:00	11.1
12.11.11 01:00	10.2
13.11.11 01:00	9.38
14.11.11 01:00	8.91
15.11.11 01:00	8.61
16.11.11 01:00	8.17
17.11.11 01:00	7.78
18.11.11 01:00	7.45
19.11.11 01:00	7.14
20.11.11 01:00	7.05
21.11.11 01:00	6.85
22.11.11 01:00	6.63
23.11.11 01:00	5.89
24.11.11 01:00	5.63
25.11.11 01:00	5.5
26.11.11 01:00	5.21
27.11.11 01:00	5.11
28.11.11 01:00	5.15
29.11.11 01:00	4.9
30.11.11 01:00	4.87
01.12.11 01:00	4.84
02.12.11 01:00	4.64
03.12.11 01:00	4.79
04.12.11 01:00	4.81
05.12.11 01:00	4.89
06.12.11 01:00	4.36
07.12.11 01:00	4.59
08.12.11 01:00	4.53
09.12.11 01:00	4.28
10.12.11 01:00	4.31
11.12.11 01:00	4.25
12.12.11 01:00	4.37
13.12.11 01:00	4.1
14.12.11 01:00	4.01
15.12.11 01:00	4.04
16.12.11 01:00	3.98
17.12.11 01:00	3.85
18.12.11 01:00	3.5
19.12.11 01:00	3.28
20.12.11 01:00	3.35
21.12.11 01:00	3.59
22.12.11 01:00	3.55
23.12.11 01:00	3.67
24.12.11 01:00	3.44
25.12.11 01:00	3.37
26.12.11 01:00	3.38
27.12.11 01:00	3.35
28.12.11 01:00	3.36
29.12.11 01:00	3.38
30.12.11 01:00	3.37
31.12.11 01:00	3.16
01.01.12 01:00	3.21
02.01.12 01:00	3.28
03.01.12 01:00	3.43
04.01.12 01:00	3.23
05.01.12 01:00	3.22
06.01.12 01:00	3.28
07.01.12 01:00	3.2
08.01.12 01:00	3.32
09.01.12 01:00	3.16
10.01.12 01:00	3.13
11.01.12 01:00	3.13
12.01.12 01:00	3.13
13.01.12 01:00	3.13
14.01.12 01:00	3
15.01.12 01:00	2.81
16.01.12 01:00	2.76
17.01.12 01:00	2.93
18.01.12 01:00	2.97
19.01.12 01:00	2.95
20.01.12 01:00	2.99
21.01.12 01:00	3.12
22.01.12 01:00	3.04
23.01.12 01:00	2.95
24.01.12 01:00	2.88
25.01.12 01:00	2.81
26.01.12 01:00	2.65
27.01.12 01:00	2.79
28.01.12 01:00	2.87
29.01.12 01:00	2.87
30.01.12 01:00	2.78
31.01.12 01:00	2.69
01.02.12 01:00	2.67
02.02.12 01:00	2.67
03.02.12 01:00	2.62
04.02.12 01:00	2.6
05.02.12 01:00	2.58
06.02.12 01:00	2.56
07.02.12 01:00	2.54
08.02.12 01:00	2.52
09.02.12 01:00	2.5
10.02.12 01:00	2.48
11.02.12 01:00	2.46
12.02.12 01:00	2.44
13.02.12 01:00	2.42
14.02.12 01:00	2.4
15.02.12 01:00	2.4
16.02.12 01:00	2.39
17.02.12 01:00	2.42
18.02.12 01:00	2.45
19.02.12 01:00	2.41
20.02.12 01:00	2.38
21.02.12 01:00	2.34
22.02.12 01:00	2.4
23.02.12 01:00	2.43
24.02.12 01:00	2.57
25.02.12 01:00	3.12
26.02.12 01:00	3.08
27.02.12 01:00	2.58
28.02.12 01:00	2.52
29.02.12 01:00	2.88
01.03.12 01:00	3.44
02.03.12 01:00	4.02
03.03.12 01:00	4.64
04.03.12 01:00	4.59
05.03.12 01:00	5.11
06.03.12 01:00	4.11
07.03.12 01:00	3.7
08.03.12 01:00	3.6
09.03.12 01:00	3.32
10.03.12 01:00	3.06
11.03.12 01:00	2.97
12.03.12 01:00	2.9
13.03.12 01:00	2.99
14.03.12 01:00	3.23
15.03.12 01:00	3.55
16.03.12 01:00	3.92
17.03.12 01:00	3.99
18.03.12 01:00	3.78
19.03.12 01:00	4.4
20.03.12 01:00	3.9
21.03.12 01:00	3.81
22.03.12 01:00	4.28
23.03.12 01:00	4.52
24.03.12 01:00	4.71
25.03.12 01:00	4.86
26.03.12 02:00	4.67
27.03.12 02:00	4.81
28.03.12 02:00	4.92
29.03.12 02:00	5.34
30.03.12 02:00	5.36
31.03.12 02:00	5.05
01.04.12 02:00	4.78
02.04.12 02:00	4.58
03.04.12 02:00	4.66
04.04.12 02:00	4.51
05.04.12 02:00	8.2
06.04.12 02:00	9.05
07.04.12 02:00	7.63
08.04.12 02:00	6.22
09.04.12 02:00	4.82
10.04.12 02:00	4.87
11.04.12 02:00	5.73
12.04.12 02:00	5.23
13.04.12 02:00	5
14.04.12 02:00	4.81
15.04.12 02:00	4.71
16.04.12 02:00	4.58
17.04.12 02:00	4.3
18.04.12 02:00	4.64
19.04.12 02:00	5.12
20.04.12 02:00	5.49
21.04.12 02:00	5.38
22.04.12 02:00	5.74
23.04.12 02:00	4.88
24.04.12 02:00	6.49
25.04.12 02:00	5.88
26.04.12 02:00	6.3
27.04.12 02:00	8.12
28.04.12 02:00	12.7
29.04.12 02:00	16.5
30.04.12 02:00	18.4
01.05.12 02:00	25.3
02.05.12 02:00	24.7
03.05.12 02:00	21.6
04.05.12 02:00	21.5
05.05.12 02:00	20.1
06.05.12 02:00	20.1
07.05.12 02:00	17.4
08.05.12 02:00	16.8
09.05.12 02:00	17.2
10.05.12 02:00	20
11.05.12 02:00	25.8
12.05.12 02:00	29.9
13.05.12 02:00	26.9
14.05.12 02:00	19.3
15.05.12 02:00	17.3
16.05.12 02:00	16.4
17.05.12 02:00	14
18.05.12 02:00	13.2
19.05.12 02:00	13.6
20.05.12 02:00	15.1
21.05.12 02:00	23.1
22.05.12 02:00	19.1
23.05.12 02:00	21.5
24.05.12 02:00	27.5
25.05.12 02:00	25.7
26.05.12 02:00	22.8
27.05.12 02:00	20.5
28.05.12 02:00	18.9
29.05.12 02:00	17.1
30.05.12 02:00	17.3
31.05.12 02:00	17.7
01.06.12 02:00	20.1
02.06.12 02:00	23.3
03.06.12 02:00	24.4
04.06.12 02:00	42.5
05.06.12 02:00	24.3
06.06.12 02:00	18.7
07.06.12 02:00	17.4
08.06.12 02:00	21
09.06.12 02:00	28.3
10.06.12 02:00	48.1
11.06.12 02:00	42.5
12.06.12 02:00	47
13.06.12 02:00	38.1
14.06.12 02:00	30.4
15.06.12 02:00	26
16.06.12 02:00	27.9
17.06.12 02:00	30.1
18.06.12 02:00	29.9
19.06.12 02:00	30.6
20.06.12 02:00	32.5
21.06.12 02:00	31.3
22.06.12 02:00	35.2
23.06.12 02:00	28.3
24.06.12 02:00	22.6
25.06.12 02:00	21.6
26.06.12 02:00	19.8
27.06.12 02:00	17.2
28.06.12 02:00	17.1
29.06.12 02:00	17.4
30.06.12 02:00	17.2
01.07.12 02:00	17.3
02.07.12 02:00	26.9
03.07.12 02:00	30
04.07.12 02:00	18.3
05.07.12 02:00	16.5
06.07.12 02:00	19.2
07.07.12 02:00	16.3
08.07.12 02:00	14.6
09.07.12 02:00	14.2
10.07.12 02:00	15.3
11.07.12 02:00	14.9
12.07.12 02:00	14
13.07.12 02:00	13.9
14.07.12 02:00	20.9
15.07.12 02:00	20.8
16.07.12 02:00	15.9
17.07.12 02:00	14.1
18.07.12 02:00	13.4
19.07.12 02:00	13.1
20.07.12 02:00	12.8
21.07.12 02:00	13.9
22.07.12 02:00	12.4
23.07.12 02:00	11.4
24.07.12 02:00	11.1
25.07.12 02:00	10.9
26.07.12 02:00	10.5
27.07.12 02:00	9.89
28.07.12 02:00	11
29.07.12 02:00	12.6
30.07.12 02:00	14.5
31.07.12 02:00	11.5
01.08.12 02:00	10.5
02.08.12 02:00	9.99
03.08.12 02:00	13.2
04.08.12 02:00	11.6
05.08.12 02:00	14.2
06.08.12 02:00	12.6
07.08.12 02:00	13.1
08.08.12 02:00	11.4
09.08.12 02:00	10.2
10.08.12 02:00	9.55
11.08.12 02:00	8.83
12.08.12 02:00	8.2
13.08.12 02:00	7.84
14.08.12 02:00	7.74
15.08.12 02:00	7.31
16.08.12 02:00	7.57
17.08.12 02:00	6.81
18.08.12 02:00	6.32
19.08.12 02:00	6.17
20.08.12 02:00	5.91
21.08.12 02:00	5.87
22.08.12 02:00	6.27
23.08.12 02:00	7.55
24.08.12 02:00	7.5
25.08.12 02:00	6.63
26.08.12 02:00	17
27.08.12 02:00	7.72
28.08.12 02:00	6.77
29.08.12 02:00	6.36
30.08.12 02:00	6.46
31.08.12 02:00	18.1
01.09.12 02:00	13.2
02.09.12 02:00	11.5
03.09.12 02:00	10
04.09.12 02:00	8.95
05.09.12 02:00	8.6
06.09.12 02:00	10.2
07.09.12 02:00	8.02
08.09.12 02:00	7.36
09.09.12 02:00	7.02
10.09.12 02:00	6.69
11.09.12 02:00	6.34
12.09.12 02:00	15.8
13.09.12 02:00	12.3
14.09.12 02:00	9.36
15.09.12 02:00	8.24
16.09.12 02:00	7.66
17.09.12 02:00	7.27
18.09.12 02:00	6.95
19.09.12 02:00	7.38
20.09.12 02:00	6.84
21.09.12 02:00	6.47
22.09.12 02:00	6.23
23.09.12 02:00	6.15
24.09.12 02:00	9.04
25.09.12 02:00	9.2
26.09.12 02:00	11
27.09.12 02:00	68.5
28.09.12 02:00	28.1
29.09.12 02:00	20.4
30.09.12 02:00	20.6
01.10.12 02:00	17.9
02.10.12 02:00	16.9
03.10.12 02:00	15
04.10.12 02:00	14
05.10.12 02:00	13.2
06.10.12 02:00	12.5
07.10.12 02:00	12
08.10.12 02:00	11.2
09.10.12 02:00	10.7
10.10.12 02:00	11
11.10.12 02:00	10.1
12.10.12 02:00	9.48
13.10.12 02:00	9.18
14.10.12 02:00	9.32
15.10.12 02:00	15.8
16.10.12 02:00	13.7
17.10.12 02:00	12.4
18.10.12 02:00	12.3
19.10.12 02:00	12.1
20.10.12 02:00	11.5
21.10.12 02:00	11.1
22.10.12 02:00	11.2
23.10.12 02:00	11.1
24.10.12 02:00	10.6
25.10.12 02:00	9.97
26.10.12 02:00	9.83
27.10.12 02:00	15.1
28.10.12 02:00	13.3
29.10.12 01:00	11.6
30.10.12 01:00	10.7
31.10.12 01:00	10.2
01.11.12 01:00	10.9
02.11.12 01:00	11.5
03.11.12 01:00	10.4
04.11.12 01:00	12.4
05.11.12 01:00	39.9
06.11.12 01:00	19.4
07.11.12 01:00	16.1
08.11.12 01:00	14.8
09.11.12 01:00	14
10.11.12 01:00	13.7
11.11.12 01:00	33.1
12.11.12 01:00	29.6
13.11.12 01:00	22.3
14.11.12 01:00	19
15.11.12 01:00	17
16.11.12 01:00	15.4
17.11.12 01:00	14.3
18.11.12 01:00	13.5
19.11.12 01:00	12.9
20.11.12 01:00	12.4
21.11.12 01:00	12
22.11.12 01:00	11.8
23.11.12 01:00	11.5
24.11.12 01:00	10.8
25.11.12 01:00	10.1
26.11.12 01:00	9.94
27.11.12 01:00	12.9
28.11.12 01:00	15.5
29.11.12 01:00	18.5
30.11.12 01:00	13.9
01.12.12 01:00	13
02.12.12 01:00	12.3
03.12.12 01:00	11.6
04.12.12 01:00	11.5
05.12.12 01:00	10.7
06.12.12 01:00	9.95
07.12.12 01:00	9.32
08.12.12 01:00	9.13
09.12.12 01:00	8.67
10.12.12 01:00	8.64
11.12.12 01:00	8.23
12.12.12 01:00	7.73
13.12.12 01:00	7.43
14.12.12 01:00	7.51
15.12.12 01:00	7.72
16.12.12 01:00	7.37
17.12.12 01:00	7.35
18.12.12 01:00	7.02
19.12.12 01:00	6.98
20.12.12 01:00	6.74
21.12.12 01:00	6.62
22.12.12 01:00	6.6
23.12.12 01:00	6.63
24.12.12 01:00	6.76
25.12.12 01:00	6.73
26.12.12 01:00	8.13
27.12.12 01:00	6.96
28.12.12 01:00	6.9
29.12.12 01:00	6.48
30.12.12 01:00	6.65
31.12.12 01:00	6.35
01.01.13 01:00	5.97
02.01.13 01:00	5.69
03.01.13 01:00	5.43
04.01.13 01:00	5.71
05.01.13 01:00	6.09
06.01.13 01:00	6.08
07.01.13 01:00	5.93
08.01.13 01:00	5.79
09.01.13 01:00	5.63
10.01.13 01:00	5.53
11.01.13 01:00	5.41
12.01.13 01:00	5.1
13.01.13 01:00	5
14.01.13 01:00	5.21
15.01.13 01:00	5.04
16.01.13 01:00	5.07
17.01.13 01:00	4.87
18.01.13 01:00	4.8
19.01.13 01:00	4.89
20.01.13 01:00	5.08
21.01.13 01:00	5.17
22.01.13 01:00	4.84
23.01.13 01:00	4.53
24.01.13 01:00	4.32
25.01.13 01:00	4.15
26.01.13 01:00	3.84
27.01.13 01:00	3.84
28.01.13 01:00	3.69
29.01.13 01:00	3.63
30.01.13 01:00	3.66
31.01.13 01:00	3.73
01.02.13 01:00	3.55
02.02.13 01:00	3.56
03.02.13 01:00	3.32
04.02.13 01:00	3.35
05.02.13 01:00	3.31
06.02.13 01:00	3.36
07.02.13 01:00	3.17
08.02.13 01:00	3.04
09.02.13 01:00	2.98
10.02.13 01:00	2.87
11.02.13 01:00	3.14
12.02.13 01:00	3.39
13.02.13 01:00	3.21
14.02.13 01:00	3.21
15.02.13 01:00	3.38
16.02.13 01:00	3.16
17.02.13 01:00	3.13
18.02.13 01:00	3.12
19.02.13 01:00	3.11
20.02.13 01:00	3.14
21.02.13 01:00	3.08
22.02.13 01:00	3.13
23.02.13 01:00	3.04
24.02.13 01:00	3.13
25.02.13 01:00	3.14
26.02.13 01:00	3.05
27.02.13 01:00	3.14
28.02.13 01:00	3.14
01.03.13 01:00	3.08
02.03.13 01:00	3.12
03.03.13 01:00	3.16
04.03.13 01:00	3.21
05.03.13 01:00	3.19
06.03.13 01:00	3.12
07.03.13 01:00	3.23
08.03.13 01:00	3.77
09.03.13 01:00	3.82
10.03.13 01:00	3.89
11.03.13 01:00	3.55
12.03.13 01:00	3.79
13.03.13 01:00	3.79
14.03.13 01:00	3.31
15.03.13 01:00	2.86
16.03.13 01:00	2.87
17.03.13 01:00	2.89
18.03.13 01:00	2.99
19.03.13 01:00	2.94
20.03.13 01:00	2.67
21.03.13 01:00	2.58
22.03.13 01:00	2.55
23.03.13 01:00	2.65
24.03.13 01:00	2.72
25.03.13 01:00	2.97
26.03.13 01:00	3.09
27.03.13 01:00	2.82
28.03.13 01:00	2.69
29.03.13 01:00	2.85
30.03.13 01:00	2.99
31.03.13 01:00	3
01.04.13 02:00	2.63
02.04.13 02:00	2.64
03.04.13 02:00	2.69
04.04.13 02:00	2.73
05.04.13 02:00	2.76
06.04.13 02:00	2.8
07.04.13 02:00	2.85
08.04.13 02:00	2.83
09.04.13 02:00	2.73
10.04.13 02:00	2.65
11.04.13 02:00	2.81
12.04.13 02:00	4.24
13.04.13 02:00	4.62
14.04.13 02:00	4.58
15.04.13 02:00	6.83
16.04.13 02:00	10.6
17.04.13 02:00	12.7
18.04.13 02:00	14.9
19.04.13 02:00	21.1
20.04.13 02:00	36.8
21.04.13 02:00	20.8
22.04.13 02:00	17
23.04.13 02:00	15.4
24.04.13 02:00	16
25.04.13 02:00	17.4
26.04.13 02:00	17.9
27.04.13 02:00	25.5
28.04.13 02:00	30.4
29.04.13 02:00	48.4
30.04.13 02:00	43.6
01.05.13 02:00	40.7
02.05.13 02:00	46.4
03.05.13 02:00	44.8
04.05.13 02:00	39.5
05.05.13 02:00	34.3
06.05.13 02:00	34.7
07.05.13 02:00	31.5
08.05.13 02:00	29.7
09.05.13 02:00	30.8
10.05.13 02:00	34.9
11.05.13 02:00	30.7
12.05.13 02:00	24.7
13.05.13 02:00	21.2
14.05.13 02:00	19.9
15.05.13 02:00	20.1
16.05.13 02:00	24.9
17.05.13 02:00	49.8
18.05.13 02:00	38.9
19.05.13 02:00	37.6
20.05.13 02:00	34.5
21.05.13 02:00	28.8
22.05.13 02:00	24.2
23.05.13 02:00	22
24.05.13 02:00	20.8
25.05.13 02:00	18.6
26.05.13 02:00	17.1
27.05.13 02:00	16.1
28.05.13 02:00	16
29.05.13 02:00	21
30.05.13 02:00	18.9
31.05.13 02:00	16.9
01.06.13 02:00	17.7
02.06.13 02:00	18.8
03.06.13 02:00	18.2
04.06.13 02:00	18.8
05.06.13 02:00	21
06.06.13 02:00	23.8
07.06.13 02:00	27.1
08.06.13 02:00	30.7
09.06.13 02:00	38.3
10.06.13 02:00	39.2
11.06.13 02:00	30.1
12.06.13 02:00	30
13.06.13 02:00	31.7
14.06.13 02:00	34
15.06.13 02:00	39.8
16.06.13 02:00	43.1
17.06.13 02:00	46.7
18.06.13 02:00	48.1
19.06.13 02:00	49.2
20.06.13 02:00	49.3
21.06.13 02:00	52.2
22.06.13 02:00	41.4
23.06.13 02:00	36
24.06.13 02:00	42
25.06.13 02:00	26.8
26.06.13 02:00	21.3
27.06.13 02:00	18.6
28.06.13 02:00	17.2
29.06.13 02:00	15.8
30.06.13 02:00	14.9
01.07.13 02:00	15.1
02.07.13 02:00	16.3
03.07.13 02:00	19.5
04.07.13 02:00	19.6
05.07.13 02:00	20.6
06.07.13 02:00	21.8
07.07.13 02:00	21.1
08.07.13 02:00	20.6
09.07.13 02:00	23.5
10.07.13 02:00	22.2
11.07.13 02:00	20.7
12.07.13 02:00	18.6
13.07.13 02:00	17.4
14.07.13 02:00	16.5
15.07.13 02:00	16.2
16.07.13 02:00	15.9
17.07.13 02:00	15.9
18.07.13 02:00	24
19.07.13 02:00	20.2
20.07.13 02:00	17
21.07.13 02:00	16.1
22.07.13 02:00	15.8
23.07.13 02:00	15.9
24.07.13 02:00	16.7
25.07.13 02:00	15.5
26.07.13 02:00	14.4
27.07.13 02:00	14.7
28.07.13 02:00	14.6
29.07.13 02:00	17.2
30.07.13 02:00	15.2
31.07.13 02:00	12.7
01.08.13 02:00	12
02.08.13 02:00	11.3
03.08.13 02:00	10.9
04.08.13 02:00	11.6
05.08.13 02:00	11.5
06.08.13 02:00	10.5
07.08.13 02:00	9.9
08.08.13 02:00	9.8
09.08.13 02:00	10.1
10.08.13 02:00	14.9
11.08.13 02:00	9.52
12.08.13 02:00	8.06
13.08.13 02:00	8.34
14.08.13 02:00	9.07
15.08.13 02:00	7.62
16.08.13 02:00	6.94
17.08.13 02:00	6.53
18.08.13 02:00	6.3
19.08.13 02:00	8.74
20.08.13 02:00	10
21.08.13 02:00	7.09
22.08.13 02:00	6.5
23.08.13 02:00	6.55
24.08.13 02:00	7.45
25.08.13 02:00	15.9
26.08.13 02:00	11.7
27.08.13 02:00	13.4
28.08.13 02:00	15.3
29.08.13 02:00	11.9
30.08.13 02:00	10.3
31.08.13 02:00	9.32
01.09.13 02:00	8.8
02.09.13 02:00	8.01
03.09.13 02:00	7.48
04.09.13 02:00	7.14
05.09.13 02:00	6.85
06.09.13 02:00	6.73
07.09.13 02:00	6.45
08.09.13 02:00	7.54
09.09.13 02:00	15.6
10.09.13 02:00	11
11.09.13 02:00	12.2
12.09.13 02:00	8.98
13.09.13 02:00	7.99
14.09.13 02:00	7.37
15.09.13 02:00	7.07
16.09.13 02:00	7.4
17.09.13 02:00	9.71
18.09.13 02:00	8.68
19.09.13 02:00	8.56
20.09.13 02:00	7.62
21.09.13 02:00	7.04
22.09.13 02:00	6.53
23.09.13 02:00	6.26
24.09.13 02:00	5.91
25.09.13 02:00	5.81
26.09.13 02:00	5.81
27.09.13 02:00	6.02
28.09.13 02:00	6.05
29.09.13 02:00	19.9
30.09.13 02:00	17.3
01.10.13 02:00	12.5
02.10.13 02:00	9.79
03.10.13 02:00	8.52
04.10.13 02:00	7.95
05.10.13 02:00	8.27
06.10.13 02:00	8.1
07.10.13 02:00	7.5
08.10.13 02:00	7.11
09.10.13 02:00	7.45
10.10.13 02:00	27.2
11.10.13 02:00	23.6
12.10.13 02:00	16.4
13.10.13 02:00	15.2
14.10.13 02:00	14.5
15.10.13 02:00	14.2
16.10.13 02:00	14.4
17.10.13 02:00	13.9
18.10.13 02:00	13.3
19.10.13 02:00	12.8
20.10.13 02:00	12.4
21.10.13 02:00	12.7
22.10.13 02:00	12.7
23.10.13 02:00	21.1
24.10.13 02:00	32.3
25.10.13 02:00	21.3
26.10.13 02:00	18.1
27.10.13 02:00	16.5
28.10.13 01:00	16
29.10.13 01:00	16.4
30.10.13 01:00	21.2
31.10.13 01:00	17.4
01.11.13 01:00	16.1
02.11.13 01:00	15.9
03.11.13 01:00	18.8
04.11.13 01:00	16.9
05.11.13 01:00	16
06.11.13 01:00	15.7
07.11.13 01:00	15.1
08.11.13 01:00	14.5
09.11.13 01:00	17.9
10.11.13 01:00	16
11.11.13 01:00	14.6
12.11.13 01:00	14.8
13.11.13 01:00	14.2
14.11.13 01:00	13.8
15.11.13 01:00	13.8
16.11.13 01:00	13.3
17.11.13 01:00	12.9
18.11.13 01:00	12.5
19.11.13 01:00	13
20.11.13 01:00	13.2
21.11.13 01:00	13.2
22.11.13 01:00	12.4
23.11.13 01:00	11.7
24.11.13 01:00	11.1
25.11.13 01:00	10.1
26.11.13 01:00	8.92
27.11.13 01:00	9.06
28.11.13 01:00	9.24
29.11.13 01:00	8.98
30.11.13 01:00	8.57
01.12.13 01:00	8.14
02.12.13 01:00	7.84
03.12.13 01:00	7.62
04.12.13 01:00	7.42
05.12.13 01:00	7.34
06.12.13 01:00	7.23
07.12.13 01:00	7
08.12.13 01:00	6.81
09.12.13 01:00	6.59
10.12.13 01:00	6.63
11.12.13 01:00	6.47
12.12.13 01:00	6.23
13.12.13 01:00	6.02
14.12.13 01:00	5.79
15.12.13 01:00	5.57
16.12.13 01:00	5.53
17.12.13 01:00	5.51
18.12.13 01:00	5.44
19.12.13 01:00	5.21
20.12.13 01:00	5.2
21.12.13 01:00	5.19
22.12.13 01:00	5.18
23.12.13 01:00	5.08
24.12.13 01:00	5.22
25.12.13 01:00	8.81
26.12.13 01:00	13.8
27.12.13 01:00	11.1
28.12.13 01:00	8.6
29.12.13 01:00	8.17
30.12.13 01:00	7.14
31.12.13 01:00	6.54
01.01.14 01:00	6.24
02.01.14 01:00	6.04
03.01.14 01:00	5.89
04.01.14 01:00	6.1
05.01.14 01:00	7.61
06.01.14 01:00	6.84
07.01.14 01:00	6.35
08.01.14 01:00	6.1
09.01.14 01:00	6.01
10.01.14 01:00	5.97
11.01.14 01:00	5.84
12.01.14 01:00	5.69
13.01.14 01:00	5.56
14.01.14 01:00	5.84
15.01.14 01:00	5.49
16.01.14 01:00	5.29
17.01.14 01:00	5.5
18.01.14 01:00	5.71
19.01.14 01:00	8.1
20.01.14 01:00	7.31
21.01.14 01:00	7.02
22.01.14 01:00	6.51
23.01.14 01:00	6.02
24.01.14 01:00	5.74
25.01.14 01:00	5.42
26.01.14 01:00	5.26
27.01.14 01:00	5.18
28.01.14 01:00	4.98
29.01.14 01:00	4.71
30.01.14 01:00	4.9
31.01.14 01:00	5.14
01.02.14 01:00	6.92
02.02.14 01:00	10.9
03.02.14 01:00	9.34
04.02.14 01:00	11.4
05.02.14 01:00	9.58
06.02.14 01:00	8.47
07.02.14 01:00	8.18
08.02.14 01:00	7.88
09.02.14 01:00	8.31
10.02.14 01:00	7.67
11.02.14 01:00	7.39
12.02.14 01:00	6.93
13.02.14 01:00	6.65
14.02.14 01:00	6.31
15.02.14 01:00	6.08
16.02.14 01:00	6.41
17.02.14 01:00	7.32
18.02.14 01:00	6.85
19.02.14 01:00	7.84
20.02.14 01:00	8.03
21.02.14 01:00	7.46
22.02.14 01:00	7.3
23.02.14 01:00	6.83
24.02.14 01:00	6.73
25.02.14 01:00	7.29
26.02.14 01:00	6.6
27.02.14 01:00	5.73
28.02.14 01:00	6.08
01.03.14 01:00	5.89
02.03.14 01:00	5.88
03.03.14 01:00	5.87
04.03.14 01:00	5.73
05.03.14 01:00	5.64
06.03.14 01:00	5.72
07.03.14 01:00	6.24
08.03.14 01:00	6.96
09.03.14 01:00	7.62
10.03.14 01:00	8.5
11.03.14 01:00	8.67
12.03.14 01:00	9.13
13.03.14 01:00	10.3
14.03.14 01:00	11.7
15.03.14 01:00	12.1
16.03.14 01:00	12.4
17.03.14 01:00	14.1
18.03.14 01:00	14.3
19.03.14 01:00	14.3
20.03.14 01:00	14.2
21.03.14 01:00	14.3
22.03.14 01:00	14.3
23.03.14 01:00	16
24.03.14 01:00	13.2
25.03.14 01:00	11.5
26.03.14 01:00	10.3
27.03.14 01:00	9.21
28.03.14 01:00	8.67
29.03.14 01:00	8.79
30.03.14 01:00	9.61
31.03.14 02:00	10.9
01.04.14 02:00	12.1
02.04.14 02:00	13.3
03.04.14 02:00	13.8
04.04.14 02:00	13.7
05.04.14 02:00	14.8
06.04.14 02:00	15.9
07.04.14 02:00	17.5
08.04.14 02:00	18.8
09.04.14 02:00	17.9
10.04.14 02:00	16.3
11.04.14 02:00	16.4
12.04.14 02:00	16.7
13.04.14 02:00	16.4
14.04.14 02:00	16.4
15.04.14 02:00	15.8
16.04.14 02:00	14.2
17.04.14 02:00	13.1
18.04.14 02:00	12.9
19.04.14 02:00	12.6
20.04.14 02:00	12.1
21.04.14 02:00	13.7
22.04.14 02:00	13.4
23.04.14 02:00	14.1
24.04.14 02:00	15.1
25.04.14 02:00	16.6
26.04.14 02:00	18.8
27.04.14 02:00	26.7
28.04.14 02:00	25.2
29.04.14 02:00	23.2
30.04.14 02:00	30.6
01.05.14 02:00	27.7
02.05.14 02:00	25.5
03.05.14 02:00	24.1
04.05.14 02:00	22.3
05.05.14 02:00	20.2
06.05.14 02:00	20.2
07.05.14 02:00	23.4
08.05.14 02:00	23.6
09.05.14 02:00	23.8
10.05.14 02:00	28.3
11.05.14 02:00	31.2
12.05.14 02:00	26.7
13.05.14 02:00	22.4
14.05.14 02:00	19.7
15.05.14 02:00	17.5
16.05.14 02:00	16.1
17.05.14 02:00	15.4
18.05.14 02:00	15.7
19.05.14 02:00	16.7
20.05.14 02:00	16.6
21.05.14 02:00	18.6
22.05.14 02:00	26.7
23.05.14 02:00	54
24.05.14 02:00	51.8
25.05.14 02:00	43.5
26.05.14 02:00	40.7
27.05.14 02:00	40.1
28.05.14 02:00	34.8
29.05.14 02:00	32.3
30.05.14 02:00	32.8
31.05.14 02:00	32.5
01.06.14 02:00	29.4
02.06.14 02:00	27.2
03.06.14 02:00	27
04.06.14 02:00	28.3
05.06.14 02:00	34.4
06.06.14 02:00	35
07.06.14 02:00	40.4
08.06.14 02:00	44.8
09.06.14 02:00	49.9
10.06.14 02:00	53.5
11.06.14 02:00	56
12.06.14 02:00	54.5
13.06.14 02:00	50
14.06.14 02:00	46.3
15.06.14 02:00	39.1
16.06.14 02:00	32.2
17.06.14 02:00	28.2
18.06.14 02:00	24.1
19.06.14 02:00	22.9
20.06.14 02:00	21.9
21.06.14 02:00	19.8
22.06.14 02:00	22.8
23.06.14 02:00	27.3
24.06.14 02:00	32.5
25.06.14 02:00	28.8
26.06.14 02:00	24.9
27.06.14 02:00	22.6
28.06.14 02:00	21.5
29.06.14 02:00	48.3
30.06.14 02:00	45.9
01.07.14 02:00	27
02.07.14 02:00	22.7
03.07.14 02:00	22.2
04.07.14 02:00	21
05.07.14 02:00	28.8
06.07.14 02:00	24.8
07.07.14 02:00	23
08.07.14 02:00	36.5
09.07.14 02:00	33.1
10.07.14 02:00	22.4
11.07.14 02:00	21
12.07.14 02:00	20.9
13.07.14 02:00	22.2
14.07.14 02:00	22.4
15.07.14 02:00	20.3
16.07.14 02:00	19.2
17.07.14 02:00	18.6
18.07.14 02:00	18
19.07.14 02:00	17.3
20.07.14 02:00	18.7
21.07.14 02:00	26.2
22.07.14 02:00	22.5
23.07.14 02:00	19
24.07.14 02:00	17.8
25.07.14 02:00	16
26.07.14 02:00	23.7
27.07.14 02:00	21.5
28.07.14 02:00	19.2
29.07.14 02:00	31.5
30.07.14 02:00	25.2
31.07.14 02:00	24.1
01.08.14 02:00	20.6
02.08.14 02:00	18.6
03.08.14 02:00	17.2
04.08.14 02:00	16.3
05.08.14 02:00	18.9
06.08.14 02:00	16
07.08.14 02:00	14.8
08.08.14 02:00	14.2
09.08.14 02:00	14.8
10.08.14 02:00	14.3
11.08.14 02:00	15.3
12.08.14 02:00	20.2
13.08.14 02:00	69.9
14.08.14 02:00	53.1
15.08.14 02:00	35.5
16.08.14 02:00	25.8
17.08.14 02:00	20.5
18.08.14 02:00	17.8
19.08.14 02:00	17.6
20.08.14 02:00	19.9
21.08.14 02:00	21.5
22.08.14 02:00	20.9
23.08.14 02:00	17.5
24.08.14 02:00	16
25.08.14 02:00	14.7
26.08.14 02:00	15
27.08.14 02:00	14.5
28.08.14 02:00	13.7
29.08.14 02:00	13.3
30.08.14 02:00	15.1
31.08.14 02:00	14.2
01.09.14 02:00	14.2
02.09.14 02:00	13
03.09.14 02:00	13.1
04.09.14 02:00	12.7
05.09.14 02:00	12.6
06.09.14 02:00	12.7
07.09.14 02:00	12.5
08.09.14 02:00	11.9
09.09.14 02:00	11.9
10.09.14 02:00	11.9
11.09.14 02:00	11.1
12.09.14 02:00	10.3
13.09.14 02:00	9.52
14.09.14 02:00	8.93
15.09.14 02:00	8.51
16.09.14 02:00	9.33
17.09.14 02:00	9.99
18.09.14 02:00	9.19
19.09.14 02:00	8.89
20.09.14 02:00	8.76
21.09.14 02:00	8.38
22.09.14 02:00	8.08
23.09.14 02:00	7.52
24.09.14 02:00	7.04
25.09.14 02:00	6.91
26.09.14 02:00	6.54
27.09.14 02:00	6.33
28.09.14 02:00	6.23
29.09.14 02:00	6.07
30.09.14 02:00	5.81
01.10.14 02:00	6.53
02.10.14 02:00	6.1
03.10.14 02:00	5.69
04.10.14 02:00	5.61
05.10.14 02:00	5.53
06.10.14 02:00	7.41
07.10.14 02:00	5.99
08.10.14 02:00	6.14
09.10.14 02:00	5.98
10.10.14 02:00	5.95
11.10.14 02:00	7.47
12.10.14 02:00	6.66
13.10.14 02:00	10.8
14.10.14 02:00	13.4
15.10.14 02:00	10.6
16.10.14 02:00	8.9
17.10.14 02:00	8.12
18.10.14 02:00	7.5
19.10.14 02:00	6.89
20.10.14 02:00	6.81
21.10.14 02:00	7.17
22.10.14 02:00	7.48
23.10.14 02:00	7.9
24.10.14 02:00	8.11
25.10.14 02:00	7.81
26.10.14 02:00	7.76
27.10.14 01:00	7.59
28.10.14 01:00	7.28
29.10.14 01:00	6.92
30.10.14 01:00	6.61
31.10.14 01:00	6.52
01.11.14 01:00	6.52
02.11.14 01:00	6.35
03.11.14 01:00	6.22
04.11.14 01:00	11.2
05.11.14 01:00	49
06.11.14 01:00	86.6
07.11.14 01:00	50.5
08.11.14 01:00	37.6
09.11.14 01:00	30.5
10.11.14 01:00	32.2
11.11.14 01:00	49.3
12.11.14 01:00	46
13.11.14 01:00	36.9
14.11.14 01:00	28.8
15.11.14 01:00	29.6
16.11.14 01:00	40.9
17.11.14 01:00	33.6
18.11.14 01:00	29
19.11.14 01:00	22.8
20.11.14 01:00	19.5
21.11.14 01:00	17.8
22.11.14 01:00	16.7
23.11.14 01:00	15.8
24.11.14 01:00	15.4
25.11.14 01:00	15.1
26.11.14 01:00	14.6
27.11.14 01:00	14.2
28.11.14 01:00	14.1
29.11.14 01:00	14.5
30.11.14 01:00	13.8
01.12.14 01:00	16.4
02.12.14 01:00	15.5
03.12.14 01:00	14.5
04.12.14 01:00	14.7
05.12.14 01:00	14
06.12.14 01:00	13.4
07.12.14 01:00	13
08.12.14 01:00	12.5
09.12.14 01:00	11.9
10.12.14 01:00	11.2
11.12.14 01:00	11.6
12.12.14 01:00	11
13.12.14 01:00	10.4
14.12.14 01:00	10.2
15.12.14 01:00	9.95
16.12.14 01:00	10.6
17.12.14 01:00	9.56
18.12.14 01:00	8.99
19.12.14 01:00	8.81
20.12.14 01:00	8.39
21.12.14 01:00	7.9
22.12.14 01:00	7.68
23.12.14 01:00	7.6
24.12.14 01:00	7.34
25.12.14 01:00	7.11
26.12.14 01:00	6.78
27.12.14 01:00	6.25
28.12.14 01:00	6.34
29.12.14 01:00	5.88
30.12.14 01:00	5.93
31.12.14 01:00	6.01
01.01.15 01:00	5.94
02.01.15 01:00	5.9
03.01.15 01:00	5.88
04.01.15 01:00	6.16
05.01.15 01:00	5.68
06.01.15 01:00	5.6
07.01.15 01:00	5.48
08.01.15 01:00	5.35
09.01.15 01:00	5.32
10.01.15 01:00	6.34
11.01.15 01:00	5.7
12.01.15 01:00	5.32
13.01.15 01:00	5.18
14.01.15 01:00	5.13
15.01.15 01:00	4.94
16.01.15 01:00	5.24
17.01.15 01:00	7.42
18.01.15 01:00	6.41
19.01.15 01:00	5.71
20.01.15 01:00	5.41
21.01.15 01:00	5.27
22.01.15 01:00	5.25
23.01.15 01:00	5.13
24.01.15 01:00	4.9
25.01.15 01:00	4.72
26.01.15 01:00	4.54
27.01.15 01:00	4.67
28.01.15 01:00	4.55
29.01.15 01:00	4.49
30.01.15 01:00	4.53
31.01.15 01:00	4.31
01.02.15 01:00	4.28
02.02.15 01:00	4.24
03.02.15 01:00	4.13
04.02.15 01:00	4.1
05.02.15 01:00	4.1
06.02.15 01:00	4.07
07.02.15 01:00	4
08.02.15 01:00	3.98
09.02.15 01:00	3.93
10.02.15 01:00	3.99
11.02.15 01:00	4.09
12.02.15 01:00	4.06
13.02.15 01:00	4.02
14.02.15 01:00	3.96
15.02.15 01:00	3.95
16.02.15 01:00	3.93
17.02.15 01:00	3.96
18.02.15 01:00	3.95
19.02.15 01:00	3.95
20.02.15 01:00	3.94
21.02.15 01:00	3.94
22.02.15 01:00	3.97
23.02.15 01:00	3.87
24.02.15 01:00	3.85
25.02.15 01:00	3.75
26.02.15 01:00	3.69
27.02.15 01:00	3.7
28.02.15 01:00	3.68
01.03.15 01:00	3.67
02.03.15 01:00	3.77
03.03.15 01:00	3.67
04.03.15 01:00	3.64
05.03.15 01:00	3.59
06.03.15 01:00	3.51
07.03.15 01:00	3.57
08.03.15 01:00	3.7
09.03.15 01:00	3.74
10.03.15 01:00	3.74
11.03.15 01:00	3.86
12.03.15 01:00	3.78
13.03.15 01:00	3.74
14.03.15 01:00	3.79
15.03.15 01:00	3.69
16.03.15 01:00	3.68
17.03.15 01:00	3.51
18.03.15 01:00	3.44
19.03.15 01:00	3.7
20.03.15 01:00	3.8
21.03.15 01:00	3.78
22.03.15 01:00	3.71
23.03.15 01:00	3.58
24.03.15 01:00	3.6
25.03.15 01:00	3.5
26.03.15 01:00	4.05
27.03.15 01:00	4.3
28.03.15 01:00	3.83
29.03.15 01:00	3.76
30.03.15 02:00	4.2
31.03.15 02:00	4.16
01.04.15 02:00	4.17
02.04.15 02:00	3.7
03.04.15 02:00	3.55
04.04.15 02:00	3.51
05.04.15 02:00	3.38
06.04.15 02:00	3.09
07.04.15 02:00	3.04
08.04.15 02:00	2.83
09.04.15 02:00	3.15
10.04.15 02:00	3.81
11.04.15 02:00	4.26
12.04.15 02:00	4.64
13.04.15 02:00	5.24
14.04.15 02:00	5.39
15.04.15 02:00	5.57
16.04.15 02:00	6.26
17.04.15 02:00	7.02
18.04.15 02:00	6.63
19.04.15 02:00	5.98
20.04.15 02:00	5.69
21.04.15 02:00	5.63
22.04.15 02:00	6.2
23.04.15 02:00	7.28
24.04.15 02:00	7.42
25.04.15 02:00	7.6
26.04.15 02:00	7.87
27.04.15 02:00	13.2
28.04.15 02:00	11.5
29.04.15 02:00	8.93
30.04.15 02:00	11.2
01.05.15 02:00	13.6
02.05.15 02:00	14.3
03.05.15 02:00	16.2
04.05.15 02:00	16.6
05.05.15 02:00	19
06.05.15 02:00	24.9
07.05.15 02:00	22.6
08.05.15 02:00	20.9
09.05.15 02:00	28.9
10.05.15 02:00	23.3
11.05.15 02:00	21.4
12.05.15 02:00	22
13.05.15 02:00	24.7
14.05.15 02:00	36.1
15.05.15 02:00	43.1
16.05.15 02:00	35.1
17.05.15 02:00	32
18.05.15 02:00	30.9
19.05.15 02:00	36.2
20.05.15 02:00	86.2
21.05.15 02:00	50
22.05.15 02:00	36.8
23.05.15 02:00	30
24.05.15 02:00	23.6
25.05.15 02:00	20.5
26.05.15 02:00	18.9
27.05.15 02:00	17.7
28.05.15 02:00	16.8
29.05.15 02:00	16.5
30.05.15 02:00	17.6
31.05.15 02:00	18
01.06.15 02:00	18.5
02.06.15 02:00	22.1
03.06.15 02:00	25.4
04.06.15 02:00	30.6
05.06.15 02:00	36.9
06.06.15 02:00	38.5
07.06.15 02:00	36.4
08.06.15 02:00	46.6
09.06.15 02:00	37.8
10.06.15 02:00	31.8
11.06.15 02:00	27.3
12.06.15 02:00	27.6
13.06.15 02:00	26.6
14.06.15 02:00	33.5
15.06.15 02:00	35
16.06.15 02:00	34.2
17.06.15 02:00	26.8
18.06.15 02:00	22.1
19.06.15 02:00	19.9
20.06.15 02:00	18.9
21.06.15 02:00	16.3
22.06.15 02:00	15.2
23.06.15 02:00	16.5
24.06.15 02:00	15.8
25.06.15 02:00	15.1
26.06.15 02:00	15.1
27.06.15 02:00	15.4
28.06.15 02:00	16.3
29.06.15 02:00	16
30.06.15 02:00	15.4
01.07.15 02:00	15.9
02.07.15 02:00	16.7
03.07.15 02:00	17.3
04.07.15 02:00	16.3
05.07.15 02:00	16.3
06.07.15 02:00	15.7
07.07.15 02:00	15.3
08.07.15 02:00	17.7
09.07.15 02:00	14.4
10.07.15 02:00	12.7
11.07.15 02:00	11.8
12.07.15 02:00	11.8
13.07.15 02:00	11.9
14.07.15 02:00	11.4
15.07.15 02:00	11
16.07.15 02:00	11.6
17.07.15 02:00	11.7
18.07.15 02:00	11.1
19.07.15 02:00	9.9
20.07.15 02:00	9.88
21.07.15 02:00	9.13
22.07.15 02:00	9.32
23.07.15 02:00	17
24.07.15 02:00	14.6
25.07.15 02:00	11.8
26.07.15 02:00	10.1
27.07.15 02:00	9.78
28.07.15 02:00	9.01
29.07.15 02:00	10.5
30.07.15 02:00	11
31.07.15 02:00	11
01.08.15 02:00	9.22
02.08.15 02:00	13.5
03.08.15 02:00	10.5
04.08.15 02:00	9.43
05.08.15 02:00	9.03
06.08.15 02:00	8.13
07.08.15 02:00	8.21
08.08.15 02:00	9.64
09.08.15 02:00	8.77
10.08.15 02:00	8.98
11.08.15 02:00	7.65
12.08.15 02:00	6.87
13.08.15 02:00	6.43
14.08.15 02:00	6.46
15.08.15 02:00	10.7
16.08.15 02:00	11.8
17.08.15 02:00	10.8
18.08.15 02:00	11.3
19.08.15 02:00	18.9
20.08.15 02:00	12.7
21.08.15 02:00	10.9
22.08.15 02:00	9.56
23.08.15 02:00	8.56
24.08.15 02:00	9.71
25.08.15 02:00	16.6
26.08.15 02:00	13
27.08.15 02:00	11.6
28.08.15 02:00	10.6
29.08.15 02:00	9.75
30.08.15 02:00	8.83
31.08.15 02:00	8.06
01.09.15 02:00	7.63
02.09.15 02:00	8.9
03.09.15 02:00	11.3
04.09.15 02:00	15
05.09.15 02:00	12.5
06.09.15 02:00	10.8
07.09.15 02:00	9.24
08.09.15 02:00	8.21
09.09.15 02:00	7.6
10.09.15 02:00	7.26
11.09.15 02:00	7.15
12.09.15 02:00	6.62
13.09.15 02:00	7.18
14.09.15 02:00	24.4
15.09.15 02:00	15.3
16.09.15 02:00	13.1
17.09.15 02:00	13.5
18.09.15 02:00	14.1
19.09.15 02:00	11.8
20.09.15 02:00	10.5
21.09.15 02:00	9.58
22.09.15 02:00	8.9
23.09.15 02:00	14.9
24.09.15 02:00	12.3
25.09.15 02:00	11.9
26.09.15 02:00	11.3
27.09.15 02:00	10.3
28.09.15 02:00	9.45
29.09.15 02:00	8.65
30.09.15 02:00	8.13
01.10.15 02:00	7.89
02.10.15 02:00	7.59
03.10.15 02:00	10
04.10.15 02:00	13.6
05.10.15 02:00	12.4
06.10.15 02:00	10.9
07.10.15 02:00	11.3
08.10.15 02:00	10.2
09.10.15 02:00	9.91
10.10.15 02:00	9
11.10.15 02:00	8.28
12.10.15 02:00	7.77
13.10.15 02:00	9.5
14.10.15 02:00	16.5
15.10.15 02:00	18.3
16.10.15 02:00	16.3
17.10.15 02:00	14
18.10.15 02:00	13.1
19.10.15 02:00	12.4
20.10.15 02:00	11.4
21.10.15 02:00	10.8
22.10.15 02:00	10.4
23.10.15 02:00	10.3
24.10.15 02:00	10
25.10.15 02:00	9.54
26.10.15 01:00	9.17
27.10.15 01:00	8.77
28.10.15 01:00	8.35
29.10.15 01:00	10.1
30.10.15 01:00	9.13
31.10.15 01:00	8.44
01.11.15 01:00	7.9
02.11.15 01:00	7.36
03.11.15 01:00	7.47
04.11.15 01:00	7.81
05.11.15 01:00	7.48
06.11.15 01:00	7.1
07.11.15 01:00	6.87
08.11.15 01:00	6.67
09.11.15 01:00	6.49
10.11.15 01:00	6.3
11.11.15 01:00	6.15
12.11.15 01:00	5.94
13.11.15 01:00	5.83
14.11.15 01:00	5.65
15.11.15 01:00	5.53
16.11.15 01:00	5.39
17.11.15 01:00	5.24
18.11.15 01:00	5.16
19.11.15 01:00	4.96
20.11.15 01:00	4.97
21.11.15 01:00	5.14
22.11.15 01:00	4.52
23.11.15 01:00	4.25
24.11.15 01:00	4.11
25.11.15 01:00	4.35
26.11.15 01:00	4.34
27.11.15 01:00	4.13
28.11.15 01:00	4.1
29.11.15 01:00	4.02
30.11.15 01:00	4.08
01.12.15 01:00	4.17
02.12.15 01:00	4.19
03.12.15 01:00	4.13
04.12.15 01:00	3.95
05.12.15 01:00	3.95
06.12.15 01:00	3.88
07.12.15 01:00	3.81
08.12.15 01:00	3.7
09.12.15 01:00	3.69
10.12.15 01:00	3.53
11.12.15 01:00	3.55
12.12.15 01:00	3.56
13.12.15 01:00	3.51
14.12.15 01:00	3.46
15.12.15 01:00	3.4
16.12.15 01:00	3.46
17.12.15 01:00	3.58
18.12.15 01:00	3.43
19.12.15 01:00	3.4
20.12.15 01:00	3.39
21.12.15 01:00	3.39
22.12.15 01:00	3.34
23.12.15 01:00	3.36
24.12.15 01:00	3.23
25.12.15 01:00	3.14
26.12.15 01:00	3.13
27.12.15 01:00	3.13
28.12.15 01:00	3.13
29.12.15 01:00	3.08
30.12.15 01:00	3.01
31.12.15 01:00	2.87
01.01.16 01:00	3.04
02.01.16 01:00	2.9
03.01.16 01:00	3
04.01.16 01:00	3.01
05.01.16 01:00	2.87
06.01.16 01:00	2.78
07.01.16 01:00	2.8
08.01.16 01:00	2.84
09.01.16 01:00	3.01
10.01.16 01:00	3.29
11.01.16 01:00	5.43
12.01.16 01:00	4.03
13.01.16 01:00	3.23
14.01.16 01:00	2.99
15.01.16 01:00	2.95
16.01.16 01:00	2.78
17.01.16 01:00	2.72
18.01.16 01:00	2.42
19.01.16 01:00	2.45
20.01.16 01:00	2.74
21.01.16 01:00	2.72
22.01.16 01:00	2.69
23.01.16 01:00	2.81
24.01.16 01:00	2.82
25.01.16 01:00	2.91
26.01.16 01:00	3
27.01.16 01:00	2.91
28.01.16 01:00	2.87
29.01.16 01:00	2.88
30.01.16 01:00	2.87
31.01.16 01:00	2.9
01.02.16 01:00	3.29
02.02.16 01:00	3.2
03.02.16 01:00	2.96
04.02.16 01:00	2.75
05.02.16 01:00	2.85
06.02.16 01:00	2.73
07.02.16 01:00	2.91
08.02.16 01:00	3.2
09.02.16 01:00	3.08
10.02.16 01:00	3.87
11.02.16 01:00	2.94
12.02.16 01:00	2.91
13.02.16 01:00	2.85
14.02.16 01:00	2.75
15.02.16 01:00	2.77
16.02.16 01:00	2.66
17.02.16 01:00	2.82
18.02.16 01:00	2.72
19.02.16 01:00	2.7
20.02.16 01:00	2.63
21.02.16 01:00	2.91
22.02.16 01:00	3.43
23.02.16 01:00	3.48
24.02.16 01:00	3.25
25.02.16 01:00	3.04
26.02.16 01:00	2.85
27.02.16 01:00	2.87
28.02.16 01:00	2.99
29.02.16 01:00	2.99
01.03.16 01:00	2.92
02.03.16 01:00	2.94
03.03.16 01:00	2.99
04.03.16 01:00	2.74
05.03.16 01:00	2.95
06.03.16 01:00	3.02
07.03.16 01:00	2.93
08.03.16 01:00	2.83
09.03.16 01:00	2.69
10.03.16 01:00	2.61
11.03.16 01:00	2.7
12.03.16 01:00	2.72
13.03.16 01:00	2.72
14.03.16 01:00	2.52
15.03.16 01:00	2.56
16.03.16 01:00	2.42
17.03.16 01:00	2.38
18.03.16 01:00	2.47
19.03.16 01:00	2.61
20.03.16 01:00	2.78
21.03.16 01:00	2.95
22.03.16 01:00	3.04
23.03.16 01:00	2.97
24.03.16 01:00	2.65
25.03.16 01:00	2.65
26.03.16 01:00	2.57
27.03.16 01:00	2.71
28.03.16 02:00	2.91
29.03.16 02:00	2.88
30.03.16 02:00	3.08
31.03.16 02:00	3.26
01.04.16 02:00	5.07
02.04.16 02:00	6.01
03.04.16 02:00	6.18
04.04.16 02:00	6.77
05.04.16 02:00	8.07
06.04.16 02:00	9.18
07.04.16 02:00	10.9
08.04.16 02:00	11.8
09.04.16 02:00	9.12
10.04.16 02:00	7.46
11.04.16 02:00	7.45
12.04.16 02:00	7.97
13.04.16 02:00	8.33
14.04.16 02:00	7.8
15.04.16 02:00	6.67
16.04.16 02:00	6.13
17.04.16 02:00	14.1
18.04.16 02:00	27.9
19.04.16 02:00	15.3
20.04.16 02:00	13.1
21.04.16 02:00	12
22.04.16 02:00	12.4
23.04.16 02:00	16.5
24.04.16 02:00	13.9
25.04.16 02:00	11.4
26.04.16 02:00	9.56
27.04.16 02:00	8.98
28.04.16 02:00	7.43
29.04.16 02:00	7.33
30.04.16 02:00	7.05
01.05.16 02:00	7.01
02.05.16 02:00	6.8
03.05.16 02:00	7.05
04.05.16 02:00	6.76
05.05.16 02:00	6.63
06.05.16 02:00	6.9
07.05.16 02:00	7.87
08.05.16 02:00	9.55
09.05.16 02:00	10.5
10.05.16 02:00	9.35
11.05.16 02:00	11.7
12.05.16 02:00	16.1
13.05.16 02:00	14.2
14.05.16 02:00	13.3
15.05.16 02:00	12.9
16.05.16 02:00	11.5
17.05.16 02:00	10.1
18.05.16 02:00	10.1
19.05.16 02:00	11.7
20.05.16 02:00	10.2
21.05.16 02:00	11.1
22.05.16 02:00	14.1
23.05.16 02:00	21
24.05.16 02:00	17.3
25.05.16 02:00	15.5
26.05.16 02:00	16.4
27.05.16 02:00	19.5
28.05.16 02:00	23.9
29.05.16 02:00	38.5
30.05.16 02:00	39.5
31.05.16 02:00	38.3
01.06.16 02:00	38
02.06.16 02:00	34.6
03.06.16 02:00	34
04.06.16 02:00	35.4
05.06.16 02:00	33.7
06.06.16 02:00	31.9
07.06.16 02:00	32.3
08.06.16 02:00	34.5
09.06.16 02:00	35.2
10.06.16 02:00	29.7
11.06.16 02:00	36.6
12.06.16 02:00	33.2
13.06.16 02:00	27.9
14.06.16 02:00	29.1
15.06.16 02:00	33.1
16.06.16 02:00	45.6
17.06.16 02:00	104
18.06.16 02:00	53.5
19.06.16 02:00	40.8
20.06.16 02:00	34.1
21.06.16 02:00	32.3
22.06.16 02:00	33.9
23.06.16 02:00	33.5
24.06.16 02:00	32.4
25.06.16 02:00	42
26.06.16 02:00	38.5
27.06.16 02:00	48.2
28.06.16 02:00	31.5
29.06.16 02:00	26.3
30.06.16 02:00	25.6
01.07.16 02:00	26.2
02.07.16 02:00	31.3
03.07.16 02:00	23.7
04.07.16 02:00	19.9
05.07.16 02:00	17.7
06.07.16 02:00	17
07.07.16 02:00	15.9
08.07.16 02:00	15.2
09.07.16 02:00	14.6
10.07.16 02:00	17.8
11.07.16 02:00	20.6
12.07.16 02:00	27
13.07.16 02:00	33.3
14.07.16 02:00	26.4
15.07.16 02:00	17.9
16.07.16 02:00	15.8
17.07.16 02:00	14.8
18.07.16 02:00	14.3
19.07.16 02:00	14
20.07.16 02:00	13.6
21.07.16 02:00	13.2
22.07.16 02:00	13.3
23.07.16 02:00	13.4
24.07.16 02:00	12.8
25.07.16 02:00	12.5
26.07.16 02:00	12.6
27.07.16 02:00	13.2
28.07.16 02:00	12.3
29.07.16 02:00	11
30.07.16 02:00	10.3
31.07.16 02:00	11.3
01.08.16 02:00	10.3
02.08.16 02:00	9.02
03.08.16 02:00	8.61
04.08.16 02:00	8.47
05.08.16 02:00	50.8
06.08.16 02:00	20.4
07.08.16 02:00	15.3
08.08.16 02:00	14
09.08.16 02:00	15
10.08.16 02:00	16.5
11.08.16 02:00	13.7
12.08.16 02:00	12.8
13.08.16 02:00	12.5
14.08.16 02:00	11.9
15.08.16 02:00	11.8
16.08.16 02:00	11.8
17.08.16 02:00	11.3
18.08.16 02:00	10.5
19.08.16 02:00	9.98
20.08.16 02:00	9.9
21.08.16 02:00	10.4
22.08.16 02:00	8.9
23.08.16 02:00	8.32
24.08.16 02:00	8.08
25.08.16 02:00	7.65
26.08.16 02:00	7.34
27.08.16 02:00	7.06
28.08.16 02:00	6.95
29.08.16 02:00	7.56
30.08.16 02:00	7.49
31.08.16 02:00	6.79
01.09.16 02:00	7.5
02.09.16 02:00	6.56
03.09.16 02:00	6.19
04.09.16 02:00	6.15
05.09.16 02:00	6.39
06.09.16 02:00	5.76
07.09.16 02:00	5.32
08.09.16 02:00	5.41
09.09.16 02:00	5.31
10.09.16 02:00	5.32
11.09.16 02:00	5.86
12.09.16 02:00	5.59
13.09.16 02:00	5.21
14.09.16 02:00	5.08
15.09.16 02:00	5.03
16.09.16 02:00	5.11
17.09.16 02:00	5.44
18.09.16 02:00	5.04
19.09.16 02:00	5.14
20.09.16 02:00	4.73
21.09.16 02:00	4.64
22.09.16 02:00	4.43
23.09.16 02:00	4.36
24.09.16 02:00	4.24
25.09.16 02:00	4.1
26.09.16 02:00	3.85
27.09.16 02:00	3.81
28.09.16 02:00	3.75
29.09.16 02:00	3.68
30.09.16 02:00	3.66
01.10.16 02:00	3.69
02.10.16 02:00	4.87
03.10.16 02:00	4.92
04.10.16 02:00	4.07
05.10.16 02:00	3.84
06.10.16 02:00	3.89
07.10.16 02:00	3.82
08.10.16 02:00	3.65
09.10.16 02:00	3.73
10.10.16 02:00	4.08
11.10.16 02:00	3.77
12.10.16 02:00	3.6
13.10.16 02:00	3.52
14.10.16 02:00	6.66
15.10.16 02:00	10.2
16.10.16 02:00	5.77
17.10.16 02:00	4.95
18.10.16 02:00	4.84
19.10.16 02:00	4.59
20.10.16 02:00	4.7
21.10.16 02:00	4.19
22.10.16 02:00	3.91
23.10.16 02:00	3.85
24.10.16 02:00	3.85
25.10.16 02:00	4.64
26.10.16 02:00	5.52
27.10.16 02:00	5.08
28.10.16 02:00	4.62
29.10.16 02:00	4.38
30.10.16 02:00	4.24
31.10.16 01:00	4.16
01.11.16 01:00	4.01
02.11.16 01:00	3.96
03.11.16 01:00	3.83
04.11.16 01:00	3.71
05.11.16 01:00	4.05
06.11.16 01:00	7.03
07.11.16 01:00	5.23
08.11.16 01:00	4.59
09.11.16 01:00	4.12
10.11.16 01:00	4.22
11.11.16 01:00	4.15
12.11.16 01:00	3.88
13.11.16 01:00	3.78
14.11.16 01:00	3.72
15.11.16 01:00	3.76
16.11.16 01:00	4.01
17.11.16 01:00	4.21
18.11.16 01:00	4.17
19.11.16 01:00	6.73
20.11.16 01:00	5.75
21.11.16 01:00	6.32
22.11.16 01:00	14.1
23.11.16 01:00	12.9
24.11.16 01:00	10.3
25.11.16 01:00	7.77
26.11.16 01:00	7.21
27.11.16 01:00	6.65
28.11.16 01:00	5.95
29.11.16 01:00	5.5
30.11.16 01:00	5.36
01.12.16 01:00	5.41
02.12.16 01:00	5.24
03.12.16 01:00	4.81
04.12.16 01:00	4.62
05.12.16 01:00	4.42
06.12.16 01:00	4.25
07.12.16 01:00	4.26
08.12.16 01:00	4.25
09.12.16 01:00	4.25
10.12.16 01:00	4.24
11.12.16 01:00	4.13
12.12.16 01:00	3.95
13.12.16 01:00	3.79
14.12.16 01:00	3.94
15.12.16 01:00	3.75
16.12.16 01:00	3.57
17.12.16 01:00	3.51
18.12.16 01:00	3.53
19.12.16 01:00	3.68
20.12.16 01:00	3.64
21.12.16 01:00	3.67
22.12.16 01:00	3.59
23.12.16 01:00	3.47
24.12.16 01:00	3.39
25.12.16 01:00	3.43
26.12.16 01:00	3.47
27.12.16 01:00	3.38
28.12.16 01:00	3.24
29.12.16 01:00	3.19
30.12.16 01:00	3.16
31.12.16 01:00	3.19
01.01.17 01:00	3.09
02.01.17 01:00	2.95
03.01.17 01:00	2.93
04.01.17 01:00	2.98
05.01.17 01:00	2.81
06.01.17 01:00	2.49
07.01.17 01:00	2.77
08.01.17 01:00	2.89
09.01.17 01:00	2.78
10.01.17 01:00	2.68
11.01.17 01:00	2.64
12.01.17 01:00	2.7
13.01.17 01:00	2.8
14.01.17 01:00	2.64
15.01.17 01:00	2.63
16.01.17 01:00	2.62
17.01.17 01:00	2.52
18.01.17 01:00	2.53
19.01.17 01:00	2.5
20.01.17 01:00	2.45
21.01.17 01:00	2.44
22.01.17 01:00	2.41
23.01.17 01:00	2.42
24.01.17 01:00	2.4
25.01.17 01:00	2.4
26.01.17 01:00	2.39
27.01.17 01:00	2.39
28.01.17 01:00	2.39
29.01.17 01:00	2.39
30.01.17 01:00	2.39
31.01.17 01:00	2.39
01.02.17 01:00	2.4
02.02.17 01:00	2.5
03.02.17 01:00	3.35
04.02.17 01:00	2.82
05.02.17 01:00	2.65
06.02.17 01:00	2.51
07.02.17 01:00	2.41
08.02.17 01:00	2.41
09.02.17 01:00	2.39
10.02.17 01:00	2.4
11.02.17 01:00	2.4
12.02.17 01:00	2.39
13.02.17 01:00	2.39
14.02.17 01:00	2.36
15.02.17 01:00	2.38
16.02.17 01:00	2.39
17.02.17 01:00	2.4
18.02.17 01:00	2.38
19.02.17 01:00	2.33
20.02.17 01:00	2.3
21.02.17 01:00	2.31
22.02.17 01:00	2.4
23.02.17 01:00	2.43
24.02.17 01:00	2.4
25.02.17 01:00	2.3
26.02.17 01:00	2.3
27.02.17 01:00	2.26
28.02.17 01:00	2.65
01.03.17 01:00	3.1
02.03.17 01:00	2.56
03.03.17 01:00	2.48
04.03.17 01:00	3.21
05.03.17 01:00	3.42
06.03.17 01:00	2.99
07.03.17 01:00	2.75
08.03.17 01:00	2.61
09.03.17 01:00	2.98
10.03.17 01:00	3.38
11.03.17 01:00	2.82
12.03.17 01:00	2.78
13.03.17 01:00	2.87
14.03.17 01:00	2.82
15.03.17 01:00	2.91
16.03.17 01:00	3.11
17.03.17 01:00	3.37
18.03.17 01:00	3.69
19.03.17 01:00	4.21
20.03.17 01:00	4.43
21.03.17 01:00	4.42
22.03.17 01:00	4.88
23.03.17 01:00	5.48
24.03.17 01:00	4.96
25.03.17 01:00	5.07
26.03.17 01:00	5.47
27.03.17 02:00	5.17
28.03.17 02:00	5.12
29.03.17 02:00	5.41
30.03.17 02:00	5.61
31.03.17 02:00	5.87
01.04.17 02:00	5.62
02.04.17 02:00	5.08
03.04.17 02:00	4.87
04.04.17 02:00	4.93
05.04.17 02:00	4.49
06.04.17 02:00	4.1
07.04.17 02:00	3.87
08.04.17 02:00	4.02
09.04.17 02:00	4.87
10.04.17 02:00	5.87
11.04.17 02:00	6.08
12.04.17 02:00	5.16
13.04.17 02:00	5.7
14.04.17 02:00	5.98
15.04.17 02:00	5.99
16.04.17 02:00	5.3
17.04.17 02:00	4.54
18.04.17 02:00	4.16
19.04.17 02:00	3.41
20.04.17 02:00	3.25
21.04.17 02:00	2.98
22.04.17 02:00	2.94
23.04.17 02:00	3.18
24.04.17 02:00	3.24
25.04.17 02:00	3.45
26.04.17 02:00	6.35
27.04.17 02:00	9.37
28.04.17 02:00	12.7
29.04.17 02:00	6.93
30.04.17 02:00	6.19
01.05.17 02:00	6.46
02.05.17 02:00	6.44
03.05.17 02:00	7.14
04.05.17 02:00	7.18
05.05.17 02:00	7.49
06.05.17 02:00	7.65
07.05.17 02:00	8.63
08.05.17 02:00	10.4
09.05.17 02:00	10.4
10.05.17 02:00	9.99
11.05.17 02:00	10.3
12.05.17 02:00	11.4
13.05.17 02:00	16.3
14.05.17 02:00	22.1
15.05.17 02:00	26.2
16.05.17 02:00	19.4
17.05.17 02:00	19.3
18.05.17 02:00	23.2
19.05.17 02:00	26.9
20.05.17 02:00	23.5
21.05.17 02:00	17.1
22.05.17 02:00	17.8
23.05.17 02:00	18.4
24.05.17 02:00	18
25.05.17 02:00	20.1
26.05.17 02:00	19.8
27.05.17 02:00	20.5
28.05.17 02:00	23
29.05.17 02:00	25.4
30.05.17 02:00	27.7
31.05.17 02:00	29
01.06.17 02:00	30.2
02.06.17 02:00	26.5
03.06.17 02:00	21
04.06.17 02:00	28.5
05.06.17 02:00	24
06.06.17 02:00	31.4
07.06.17 02:00	27.6
08.06.17 02:00	18.5
09.06.17 02:00	17.5
10.06.17 02:00	17.9
11.06.17 02:00	18.8
12.06.17 02:00	20.5
13.06.17 02:00	19.8
14.06.17 02:00	17.7
15.06.17 02:00	16.3
16.06.17 02:00	17.1
17.06.17 02:00	14.7
18.06.17 02:00	13.9
19.06.17 02:00	13.6
20.06.17 02:00	13.8
21.06.17 02:00	13.8
22.06.17 02:00	12.9
23.06.17 02:00	12.6
24.06.17 02:00	12.7
25.06.17 02:00	22.5
26.06.17 02:00	14.4
27.06.17 02:00	15.1
28.06.17 02:00	21.5
29.06.17 02:00	29.4
30.06.17 02:00	36.3
01.07.17 02:00	25
02.07.17 02:00	19.3
03.07.17 02:00	16.8
04.07.17 02:00	15.4
05.07.17 02:00	14.4
06.07.17 02:00	13.5
07.07.17 02:00	12.6
08.07.17 02:00	12.3
09.07.17 02:00	13
10.07.17 02:00	13.2
11.07.17 02:00	14.2
12.07.17 02:00	12.5
13.07.17 02:00	11.4
14.07.17 02:00	10.9
15.07.17 02:00	9.82
16.07.17 02:00	8.55
17.07.17 02:00	8.17
18.07.17 02:00	10.4
19.07.17 02:00	14.5
20.07.17 02:00	11.9
21.07.17 02:00	12.4
22.07.17 02:00	14.1
23.07.17 02:00	12.2
24.07.17 02:00	15.9
25.07.17 02:00	14
26.07.17 02:00	12.3
27.07.17 02:00	11.3
28.07.17 02:00	10.3
29.07.17 02:00	11.5
30.07.17 02:00	33.5
31.07.17 02:00	18.5
01.08.17 02:00	14.9
02.08.17 02:00	13.5
03.08.17 02:00	12.5
04.08.17 02:00	12
05.08.17 02:00	12.6
06.08.17 02:00	19.1
07.08.17 02:00	15.9
08.08.17 02:00	13.2
09.08.17 02:00	17.9
10.08.17 02:00	42.9
11.08.17 02:00	69.1
12.08.17 02:00	43.7
13.08.17 02:00	30.9
14.08.17 02:00	22.9
15.08.17 02:00	18.9
16.08.17 02:00	17.2
17.08.17 02:00	15.7
18.08.17 02:00	14.8
19.08.17 02:00	21
20.08.17 02:00	18.6
21.08.17 02:00	15
22.08.17 02:00	14.1
23.08.17 02:00	13.3
24.08.17 02:00	12.8
25.08.17 02:00	12.3
26.08.17 02:00	11.9
27.08.17 02:00	12.6
28.08.17 02:00	11.4
29.08.17 02:00	10.6
30.08.17 02:00	9.84
31.08.17 02:00	9.66
01.09.17 02:00	27.3
02.09.17 02:00	19.6
03.09.17 02:00	15.4
04.09.17 02:00	13.5
05.09.17 02:00	12.7
06.09.17 02:00	11.9
07.09.17 02:00	11.3
08.09.17 02:00	10.5
09.09.17 02:00	10.8
10.09.17 02:00	52.4
11.09.17 02:00	34
12.09.17 02:00	26.1
13.09.17 02:00	20.5
14.09.17 02:00	19.8
15.09.17 02:00	19
16.09.17 02:00	23.7
17.09.17 02:00	23.5
18.09.17 02:00	19.8
19.09.17 02:00	17.6
20.09.17 02:00	16.1
21.09.17 02:00	15.1
22.09.17 02:00	14.3
23.09.17 02:00	13.6
24.09.17 02:00	13.2
25.09.17 02:00	12.5
26.09.17 02:00	11.9
27.09.17 02:00	11.5
28.09.17 02:00	11.1
29.09.17 02:00	10.6
30.09.17 02:00	10.2
01.10.17 02:00	12.2
02.10.17 02:00	11.5
03.10.17 02:00	11.3
04.10.17 02:00	10.8
05.10.17 02:00	9.94
06.10.17 02:00	9.34
07.10.17 02:00	8.7
08.10.17 02:00	8.37
09.10.17 02:00	7.96
10.10.17 02:00	7.57
11.10.17 02:00	7.25
12.10.17 02:00	6.88
13.10.17 02:00	6.59
14.10.17 02:00	6.33
15.10.17 02:00	6.11
16.10.17 02:00	5.82
17.10.17 02:00	5.66
18.10.17 02:00	5.51
19.10.17 02:00	5.42
20.10.17 02:00	5.21
21.10.17 02:00	5.15
22.10.17 02:00	5.52
23.10.17 02:00	5.13
24.10.17 02:00	4.9
25.10.17 02:00	4.85
26.10.17 02:00	4.67
27.10.17 02:00	4.64
28.10.17 02:00	4.48
29.10.17 02:00	4.41
30.10.17 01:00	4.17
31.10.17 01:00	4.06
01.11.17 01:00	4.16
02.11.17 01:00	4.24
03.11.17 01:00	4.09
04.11.17 01:00	3.99
05.11.17 01:00	6.02
06.11.17 01:00	6.43
07.11.17 01:00	5.2
08.11.17 01:00	5.54
09.11.17 01:00	5.01
10.11.17 01:00	4.7
11.11.17 01:00	4.55
12.11.17 01:00	4.67
13.11.17 01:00	4.22
14.11.17 01:00	4.21
15.11.17 01:00	4.13
16.11.17 01:00	4.29
17.11.17 01:00	4.28
18.11.17 01:00	4.05
19.11.17 01:00	3.95
20.11.17 01:00	3.78
21.11.17 01:00	3.94
22.11.17 01:00	3.93
23.11.17 01:00	3.73
24.11.17 01:00	3.67
25.11.17 01:00	3.87
26.11.17 01:00	3.6
27.11.17 01:00	3.3
28.11.17 01:00	3.43
29.11.17 01:00	3.4
30.11.17 01:00	3.36
01.12.17 01:00	3.02
02.12.17 01:00	3.02
03.12.17 01:00	2.98
04.12.17 01:00	3.17
05.12.17 01:00	3.35
06.12.17 01:00	3.22
07.12.17 01:00	3.13
08.12.17 01:00	3.13
09.12.17 01:00	3.02
10.12.17 01:00	2.83
11.12.17 01:00	3.79
12.12.17 01:00	9.62
13.12.17 01:00	4.34
14.12.17 01:00	3.65
15.12.17 01:00	3.43
16.12.17 01:00	3.1
17.12.17 01:00	3.03
18.12.17 01:00	2.89
19.12.17 01:00	2.83
20.12.17 01:00	2.88
21.12.17 01:00	2.83
22.12.17 01:00	2.87
23.12.17 01:00	2.87
24.12.17 01:00	2.87
25.12.17 01:00	2.86
26.12.17 01:00	2.85
27.12.17 01:00	3.11
28.12.17 01:00	3.2
29.12.17 01:00	2.71
30.12.17 01:00	2.83
31.12.17 01:00	2.87
01.01.18 01:00	2.87
02.01.18 01:00	2.68
03.01.18 01:00	2.73
04.01.18 01:00	2.97
05.01.18 01:00	2.93
06.01.18 01:00	3.04
07.01.18 01:00	3.26
08.01.18 01:00	3.69
09.01.18 01:00	7.44
10.01.18 01:00	5.43
11.01.18 01:00	4.31
12.01.18 01:00	3.87
13.01.18 01:00	3.61
14.01.18 01:00	3.49
15.01.18 01:00	3.28
16.01.18 01:00	3.39
17.01.18 01:00	3.19
18.01.18 01:00	3.13
19.01.18 01:00	3.06
20.01.18 01:00	2.88
21.01.18 01:00	3.02
22.01.18 01:00	2.88
23.01.18 01:00	2.95
24.01.18 01:00	2.9
25.01.18 01:00	2.87
26.01.18 01:00	2.87
27.01.18 01:00	2.87
28.01.18 01:00	2.87
29.01.18 01:00	2.94
30.01.18 01:00	3.15
31.01.18 01:00	3.13
01.02.18 01:00	3.19
02.02.18 01:00	3.07
03.02.18 01:00	2.87
04.02.18 01:00	2.68
05.02.18 01:00	2.75
06.02.18 01:00	2.73
07.02.18 01:00	2.8
08.02.18 01:00	2.79
09.02.18 01:00	2.68
10.02.18 01:00	2.66
11.02.18 01:00	2.61
12.02.18 01:00	2.63
13.02.18 01:00	2.57
14.02.18 01:00	2.47
15.02.18 01:00	2.58
16.02.18 01:00	2.73
17.02.18 01:00	2.72
18.02.18 01:00	2.63
19.02.18 01:00	2.63
20.02.18 01:00	2.6
21.02.18 01:00	2.52
22.02.18 01:00	2.53
23.02.18 01:00	2.42
24.02.18 01:00	2.44
25.02.18 01:00	2.57
26.02.18 01:00	2.06
27.02.18 01:00	2.26
28.02.18 01:00	2.4
01.03.18 01:00	2.16
02.03.18 01:00	2.21
03.03.18 01:00	2.17
04.03.18 01:00	2.16
05.03.18 01:00	2.17
06.03.18 01:00	2.19
07.03.18 01:00	2.38
08.03.18 01:00	2.19
09.03.18 01:00	2.18
10.03.18 01:00	2.27
11.03.18 01:00	2.57
12.03.18 01:00	3.45
13.03.18 01:00	3.05
14.03.18 01:00	2.98
15.03.18 01:00	2.97
16.03.18 01:00	3.17
17.03.18 01:00	3.43
18.03.18 01:00	4.01
19.03.18 01:00	3.48
20.03.18 01:00	3.2
21.03.18 01:00	2.93
22.03.18 01:00	2.81
23.03.18 01:00	2.84
24.03.18 01:00	2.63
25.03.18 01:00	2.61
26.03.18 02:00	2.83
27.03.18 02:00	2.87
28.03.18 02:00	2.88
29.03.18 02:00	3.14
30.03.18 02:00	4.82
31.03.18 02:00	7.84
01.04.18 02:00	4.84
02.04.18 02:00	3.86
03.04.18 02:00	3.71
04.04.18 02:00	3.81
05.04.18 02:00	4.78
06.04.18 02:00	5.04
07.04.18 02:00	5.48
08.04.18 02:00	6.53
09.04.18 02:00	6.62
10.04.18 02:00	6.76
11.04.18 02:00	6.86
12.04.18 02:00	10.3
13.04.18 02:00	9.95
14.04.18 02:00	8.65
15.04.18 02:00	9.75
16.04.18 02:00	12.7
17.04.18 02:00	15.1
18.04.18 02:00	15.8
19.04.18 02:00	17
20.04.18 02:00	19.7
21.04.18 02:00	22.4
22.04.18 02:00	25.1
23.04.18 02:00	27.4
24.04.18 02:00	30.6
25.04.18 02:00	34.4
26.04.18 02:00	35.2
27.04.18 02:00	30.3
28.04.18 02:00	23.8
29.04.18 02:00	32.5
30.04.18 02:00	46
01.05.18 02:00	34.8
02.05.18 02:00	26.7
03.05.18 02:00	27.3
04.05.18 02:00	33.6
05.05.18 02:00	35.3
06.05.18 02:00	35.2
07.05.18 02:00	38.9
08.05.18 02:00	37.6
09.05.18 02:00	37.9
10.05.18 02:00	33.3
11.05.18 02:00	30.7
12.05.18 02:00	32.1
13.05.18 02:00	33.4
14.05.18 02:00	35.4
15.05.18 02:00	31.1
16.05.18 02:00	23.4
17.05.18 02:00	20.9
18.05.18 02:00	20.3
19.05.18 02:00	22.9
20.05.18 02:00	23.2
21.05.18 02:00	21.3
22.05.18 02:00	21.3
23.05.18 02:00	21.1
24.05.18 02:00	24.2
25.05.18 02:00	31.5
26.05.18 02:00	35.1
27.05.18 02:00	37.3
28.05.18 02:00	37.7
29.05.18 02:00	39.8
30.05.18 02:00	38.4
31.05.18 02:00	38.7
01.06.18 02:00	37.3
02.06.18 02:00	37.5
03.06.18 02:00	36.5
04.06.18 02:00	34.9
05.06.18 02:00	36.3
06.06.18 02:00	36.7
07.06.18 02:00	35.3
08.06.18 02:00	30.1
09.06.18 02:00	25.9
10.06.18 02:00	27.5
11.06.18 02:00	32
12.06.18 02:00	31.2
13.06.18 02:00	34.1
14.06.18 02:00	25
15.06.18 02:00	21.7
16.06.18 02:00	19.8
17.06.18 02:00	18.7
18.06.18 02:00	17.6
19.06.18 02:00	17.3
20.06.18 02:00	17
21.06.18 02:00	16.7
22.06.18 02:00	16.9
23.06.18 02:00	14.5
24.06.18 02:00	13.1
25.06.18 02:00	12.2
26.06.18 02:00	11.3
27.06.18 02:00	10.8
28.06.18 02:00	10.1
29.06.18 02:00	8.7
30.06.18 02:00	9.62
01.07.18 02:00	10.7
02.07.18 02:00	11.2
03.07.18 02:00	12.7
04.07.18 02:00	12.5
05.07.18 02:00	10.9
06.07.18 02:00	9.84
07.07.18 02:00	8.68
08.07.18 02:00	7.84
09.07.18 02:00	7.4
10.07.18 02:00	7.61
11.07.18 02:00	7.12
12.07.18 02:00	6.67
13.07.18 02:00	6.4
14.07.18 02:00	6.11
15.07.18 02:00	7.08
16.07.18 02:00	7.45
17.07.18 02:00	6.17
18.07.18 02:00	5.39
19.07.18 02:00	5.25
20.07.18 02:00	5.61
21.07.18 02:00	9.17
22.07.18 02:00	9.75
23.07.18 02:00	6.87
24.07.18 02:00	5.82
25.07.18 02:00	5.43
26.07.18 02:00	4.93
27.07.18 02:00	4.56
28.07.18 02:00	4.91
29.07.18 02:00	4.78
30.07.18 02:00	4.6
31.07.18 02:00	4.91
01.08.18 02:00	4.17
02.08.18 02:00	4.61
03.08.18 02:00	4.7
04.08.18 02:00	4.26
05.08.18 02:00	4.52
06.08.18 02:00	5.39
07.08.18 02:00	5.73
08.08.18 02:00	4.94
09.08.18 02:00	10.8
10.08.18 02:00	7.98
11.08.18 02:00	8.37
12.08.18 02:00	5.59
13.08.18 02:00	6.12
14.08.18 02:00	8.48
15.08.18 02:00	5.83
16.08.18 02:00	5.04
17.08.18 02:00	4.67
18.08.18 02:00	4.46
19.08.18 02:00	5.56
20.08.18 02:00	7.12
21.08.18 02:00	5.33
22.08.18 02:00	8.46
23.08.18 02:00	8.88
24.08.18 02:00	7.45
25.08.18 02:00	11.8
26.08.18 02:00	13.8
27.08.18 02:00	9.34
28.08.18 02:00	7.76
29.08.18 02:00	6.85
30.08.18 02:00	8.59
31.08.18 02:00	13.6
01.09.18 02:00	31.4
02.09.18 02:00	19.3
03.09.18 02:00	16.1
04.09.18 02:00	14.1
05.09.18 02:00	12.5
06.09.18 02:00	12.1
07.09.18 02:00	12.5
08.09.18 02:00	10.8
09.09.18 02:00	9.57
10.09.18 02:00	8.81
11.09.18 02:00	8.14
12.09.18 02:00	7.58
13.09.18 02:00	7.33
14.09.18 02:00	7.75
15.09.18 02:00	7.63
16.09.18 02:00	6.75
17.09.18 02:00	6.58
18.09.18 02:00	6.58
19.09.18 02:00	6.33
20.09.18 02:00	5.73
21.09.18 02:00	5.45
22.09.18 02:00	5.25
23.09.18 02:00	5.56
24.09.18 02:00	6.18
25.09.18 02:00	4.76
26.09.18 02:00	4.47
27.09.18 02:00	4.28
28.09.18 02:00	4.1
29.09.18 02:00	3.95
30.09.18 02:00	3.95
01.10.18 02:00	4.09
02.10.18 02:00	3.97
03.10.18 02:00	3.79
04.10.18 02:00	3.66
05.10.18 02:00	3.52
06.10.18 02:00	3.38
07.10.18 02:00	3.36
08.10.18 02:00	3.14
09.10.18 02:00	3.16
10.10.18 02:00	3.1
11.10.18 02:00	3.15
12.10.18 02:00	3.03
13.10.18 02:00	2.92
14.10.18 02:00	2.88
15.10.18 02:00	2.86
16.10.18 02:00	2.85
17.10.18 02:00	2.76
18.10.18 02:00	2.75
19.10.18 02:00	2.67
20.10.18 02:00	2.58
21.10.18 02:00	2.52
22.10.18 02:00	2.58
23.10.18 02:00	2.54
24.10.18 02:00	2.85
25.10.18 02:00	2.93
26.10.18 02:00	2.81
27.10.18 02:00	14.2
28.10.18 02:00	58.7
29.10.18 01:00	61.4
30.10.18 01:00	61.7
31.10.18 01:00	28.9
01.11.18 01:00	23.6
02.11.18 01:00	19.2
03.11.18 01:00	18.9
04.11.18 01:00	17.7
05.11.18 01:00	18.6
06.11.18 01:00	22.4
07.11.18 01:00	31.9
08.11.18 01:00	23.2
09.11.18 01:00	20.7
10.11.18 01:00	19
11.11.18 01:00	17.6
12.11.18 01:00	17.3
13.11.18 01:00	15.6
14.11.18 01:00	14.4
15.11.18 01:00	13.5
16.11.18 01:00	12.7
17.11.18 01:00	12
18.11.18 01:00	11.3
19.11.18 01:00	10.8
20.11.18 01:00	10.5
21.11.18 01:00	9.92
22.11.18 01:00	9.42
23.11.18 01:00	8.74
24.11.18 01:00	9.82
25.11.18 01:00	8.8
26.11.18 01:00	7.93
27.11.18 01:00	7.39
28.11.18 01:00	6.89
29.11.18 01:00	6.79
30.11.18 01:00	6.75
01.12.18 01:00	6.63
02.12.18 01:00	6.37
03.12.18 01:00	6.83
04.12.18 01:00	7.44
05.12.18 01:00	7.04
06.12.18 01:00	6.97
07.12.18 01:00	6.78
08.12.18 01:00	6.47
09.12.18 01:00	6.39
10.12.18 01:00	6.43
11.12.18 01:00	6.05
12.12.18 01:00	5.54
13.12.18 01:00	5.41
14.12.18 01:00	5.33
15.12.18 01:00	5.28
16.12.18 01:00	5.38
17.12.18 01:00	5.25
18.12.18 01:00	5.2
19.12.18 01:00	4.98
20.12.18 01:00	4.9
21.12.18 01:00	4.85
22.12.18 01:00	4.86
23.12.18 01:00	4.87
24.12.18 01:00	6.4
25.12.18 01:00	5.19
26.12.18 01:00	4.88
27.12.18 01:00	4.81
28.12.18 01:00	4.68
29.12.18 01:00	4.55
30.12.18 01:00	4.55
31.12.18 01:00	4.53
01.01.19 01:00	4.55
02.01.19 01:00	4.35
03.01.19 01:00	4.03
04.01.19 01:00	4.1
05.01.19 01:00	4.25
06.01.19 01:00	4.25
07.01.19 01:00	4.23
08.01.19 01:00	4.21
09.01.19 01:00	4.07
10.01.19 01:00	4
11.01.19 01:00	3.87
12.01.19 01:00	3.95
13.01.19 01:00	4.01
14.01.19 01:00	4.36
15.01.19 01:00	3.99
16.01.19 01:00	3.96
17.01.19 01:00	3.95
18.01.19 01:00	3.92
19.01.19 01:00	3.76
20.01.19 01:00	3.67
21.01.19 01:00	3.67
22.01.19 01:00	3.61
23.01.19 01:00	3.66
24.01.19 01:00	3.56
25.01.19 01:00	3.47
26.01.19 01:00	3.63
27.01.19 01:00	3.66
28.01.19 01:00	3.58
29.01.19 01:00	3.43
30.01.19 01:00	3.4
31.01.19 01:00	3.49
01.02.19 01:00	3.63
02.02.19 01:00	4.28
03.02.19 01:00	4.04
04.02.19 01:00	4.23
05.02.19 01:00	3.75
06.02.19 01:00	3.6
07.02.19 01:00	3.55
08.02.19 01:00	3.7
09.02.19 01:00	3.33
10.02.19 01:00	3.55
11.02.19 01:00	3.68
12.02.19 01:00	3.52
13.02.19 01:00	3.51
14.02.19 01:00	3.61
15.02.19 01:00	3.76
16.02.19 01:00	4
17.02.19 01:00	4.07
18.02.19 01:00	4.16
19.02.19 01:00	4.21
20.02.19 01:00	4.19
21.02.19 01:00	4.2
22.02.19 01:00	4.53
23.02.19 01:00	4.49
24.02.19 01:00	4.28
25.02.19 01:00	4.29
26.02.19 01:00	4.49
27.02.19 01:00	4.7
28.02.19 01:00	5.22
01.03.19 01:00	5.14
02.03.19 01:00	4.65
03.03.19 01:00	4.45
04.03.19 01:00	4.51
05.03.19 01:00	4.42
06.03.19 01:00	4.11
07.03.19 01:00	4.93
08.03.19 01:00	5.01
09.03.19 01:00	4.66
10.03.19 01:00	4.67
11.03.19 01:00	4.47
12.03.19 01:00	4.06
13.03.19 01:00	3.95
14.03.19 01:00	3.95
15.03.19 01:00	4.18
16.03.19 01:00	4.04
17.03.19 01:00	4.11
18.03.19 01:00	4.51
19.03.19 01:00	3.77
20.03.19 01:00	3.34
21.03.19 01:00	3.34
22.03.19 01:00	3.53
23.03.19 01:00	4.08
24.03.19 01:00	4.83
25.03.19 01:00	5.13
26.03.19 01:00	4.42
27.03.19 01:00	4.03
28.03.19 01:00	3.84
29.03.19 01:00	3.94
30.03.19 01:00	4.18
31.03.19 01:00	4.66
01.04.19 02:00	4.94
02.04.19 02:00	5.32
03.04.19 02:00	6.65
04.04.19 02:00	9.01
05.04.19 02:00	10.3
06.04.19 02:00	8.41
07.04.19 02:00	7.58
08.04.19 02:00	7.29
09.04.19 02:00	7.54
10.04.19 02:00	8.82
11.04.19 02:00	8.45
12.04.19 02:00	8
13.04.19 02:00	8.49
14.04.19 02:00	8.89
15.04.19 02:00	7.52
16.04.19 02:00	7.02
17.04.19 02:00	7.24
18.04.19 02:00	7.83
19.04.19 02:00	9.18
20.04.19 02:00	10.7
21.04.19 02:00	11.7
22.04.19 02:00	12.2
23.04.19 02:00	12.1
24.04.19 02:00	14.1
25.04.19 02:00	16.1
26.04.19 02:00	25.2
27.04.19 02:00	20.5
28.04.19 02:00	15
29.04.19 02:00	12.9
30.04.19 02:00	11.7
01.05.19 02:00	11.3
02.05.19 02:00	11.6
03.05.19 02:00	13.1
04.05.19 02:00	13.1
05.05.19 02:00	12.5
06.05.19 02:00	10.6
07.05.19 02:00	9.12
08.05.19 02:00	9.3
09.05.19 02:00	10.1
10.05.19 02:00	9.79
11.05.19 02:00	13
12.05.19 02:00	13.7
13.05.19 02:00	11.7
14.05.19 02:00	10.8
15.05.19 02:00	10.1
16.05.19 02:00	10.1
17.05.19 02:00	11.7
18.05.19 02:00	11.6
19.05.19 02:00	14.4
20.05.19 02:00	19.8
21.05.19 02:00	21
22.05.19 02:00	18.7
23.05.19 02:00	19.5
24.05.19 02:00	20.1
25.05.19 02:00	22
26.05.19 02:00	24.8
27.05.19 02:00	25.4
28.05.19 02:00	32.1
29.05.19 02:00	26.8
30.05.19 02:00	21.3
31.05.19 02:00	21.1
01.06.19 02:00	23.9
02.06.19 02:00	31.5
03.06.19 02:00	36.5
04.06.19 02:00	41.5
05.06.19 02:00	46.2
06.06.19 02:00	48.8
07.06.19 02:00	43.6
08.06.19 02:00	42.2
09.06.19 02:00	41.4
10.06.19 02:00	51
11.06.19 02:00	62.4
12.06.19 02:00	77
13.06.19 02:00	64.7
14.06.19 02:00	50.5
15.06.19 02:00	53.8
16.06.19 02:00	51.4
17.06.19 02:00	45
18.06.19 02:00	49.8
19.06.19 02:00	46.2
20.06.19 02:00	44.8
21.06.19 02:00	44
22.06.19 02:00	43
23.06.19 02:00	37.6
24.06.19 02:00	37.1
25.06.19 02:00	39.2
26.06.19 02:00	40.1
27.06.19 02:00	39.7
28.06.19 02:00	40.3
29.06.19 02:00	37.2
30.06.19 02:00	33.5
01.07.19 02:00	33.9
02.07.19 02:00	29.8
03.07.19 02:00	27.2
04.07.19 02:00	22.3
05.07.19 02:00	20.2
06.07.19 02:00	19.4
07.07.19 02:00	18.3
08.07.19 02:00	16.9
09.07.19 02:00	14.7
10.07.19 02:00	14.2
11.07.19 02:00	13.6
12.07.19 02:00	13
13.07.19 02:00	12.9
14.07.19 02:00	11.9
15.07.19 02:00	12.2
16.07.19 02:00	11.9
17.07.19 02:00	11.8
18.07.19 02:00	11.8
19.07.19 02:00	10.5
20.07.19 02:00	10.6
21.07.19 02:00	12.5
22.07.19 02:00	11.7
23.07.19 02:00	11.4
24.07.19 02:00	11.4
25.07.19 02:00	12.2
26.07.19 02:00	13.9
27.07.19 02:00	13.7
28.07.19 02:00	16.5
29.07.19 02:00	12.6
30.07.19 02:00	11.7
31.07.19 02:00	11.8
01.08.19 02:00	9.93
02.08.19 02:00	11.3
03.08.19 02:00	9.65
04.08.19 02:00	8.11
05.08.19 02:00	7.65
06.08.19 02:00	8.49
07.08.19 02:00	12
08.08.19 02:00	11.3
09.08.19 02:00	9.16
10.08.19 02:00	8.62
11.08.19 02:00	8.3
12.08.19 02:00	8.87
13.08.19 02:00	13.5
14.08.19 02:00	10.5
15.08.19 02:00	8.52
16.08.19 02:00	8.1
17.08.19 02:00	7.26
18.08.19 02:00	7.01
19.08.19 02:00	9.05
20.08.19 02:00	9.21
21.08.19 02:00	11.4
22.08.19 02:00	10.4
23.08.19 02:00	9.54
24.08.19 02:00	9.91
25.08.19 02:00	8.64
26.08.19 02:00	8.51
27.08.19 02:00	8.44
28.08.19 02:00	7.43
29.08.19 02:00	7.29
30.08.19 02:00	6.95
31.08.19 02:00	7.12
01.09.19 02:00	7.25
02.09.19 02:00	9.55
03.09.19 02:00	8.08
04.09.19 02:00	6.94
05.09.19 02:00	6.51
06.09.19 02:00	7.46
07.09.19 02:00	7.7
08.09.19 02:00	11.2
09.09.19 02:00	11.2
10.09.19 02:00	10.5
11.09.19 02:00	9.91
12.09.19 02:00	9.3
13.09.19 02:00	8.57
14.09.19 02:00	7.96
15.09.19 02:00	7.48
16.09.19 02:00	7.06
17.09.19 02:00	6.72
18.09.19 02:00	6.25
19.09.19 02:00	5.92
20.09.19 02:00	5.66
21.09.19 02:00	5.48
22.09.19 02:00	5.41
23.09.19 02:00	8.67
24.09.19 02:00	7.17
25.09.19 02:00	6.52
26.09.19 02:00	6.23
27.09.19 02:00	5.73
28.09.19 02:00	5.47
29.09.19 02:00	5.27
30.09.19 02:00	5.13
01.10.19 02:00	4.92
02.10.19 02:00	6.75
03.10.19 02:00	5.56
04.10.19 02:00	5.15
05.10.19 02:00	4.99
06.10.19 02:00	4.88
07.10.19 02:00	5.33
08.10.19 02:00	4.82
09.10.19 02:00	5.24
10.10.19 02:00	5.52
11.10.19 02:00	4.84
12.10.19 02:00	4.58
13.10.19 02:00	4.44
14.10.19 02:00	4.25
15.10.19 02:00	5.17
16.10.19 02:00	12.5
17.10.19 02:00	7.19
18.10.19 02:00	6.26
19.10.19 02:00	10.9
20.10.19 02:00	19.9
21.10.19 02:00	16.7
22.10.19 02:00	14
23.10.19 02:00	11.9
24.10.19 02:00	10.7
25.10.19 02:00	9.41
26.10.19 02:00	8.13
27.10.19 02:00	7.46
28.10.19 01:00	6.98
29.10.19 01:00	7.77
30.10.19 01:00	7.87
31.10.19 01:00	8.67
01.11.19 01:00	7.41
02.11.19 01:00	7.29
03.11.19 01:00	19.9
04.11.19 01:00	16.3
05.11.19 01:00	18.4
06.11.19 01:00	15.2
07.11.19 01:00	12.7
08.11.19 01:00	13.9
09.11.19 01:00	12.5
10.11.19 01:00	11.5
11.11.19 01:00	10.9
12.11.19 01:00	11.6
13.11.19 01:00	11.2
14.11.19 01:00	10.3
15.11.19 01:00	11.8
16.11.19 01:00	13.3
17.11.19 01:00	15.8
18.11.19 01:00	15.7
19.11.19 01:00	13.3
20.11.19 01:00	12.7
21.11.19 01:00	12.3
22.11.19 01:00	11.9
23.11.19 01:00	11.7
24.11.19 01:00	11.8
25.11.19 01:00	12.1
26.11.19 01:00	11.9
27.11.19 01:00	11.9
28.11.19 01:00	11.6
29.11.19 01:00	11
30.11.19 01:00	10.3
01.12.19 01:00	9.69
02.12.19 01:00	9.23
03.12.19 01:00	8.29
04.12.19 01:00	7.83
05.12.19 01:00	7.73
06.12.19 01:00	7.41
07.12.19 01:00	7.36
08.12.19 01:00	7.01
09.12.19 01:00	6.93
10.12.19 01:00	6.49
11.12.19 01:00	6.31
12.12.19 01:00	6.23
13.12.19 01:00	6.07
14.12.19 01:00	5.88
15.12.19 01:00	5.82
16.12.19 01:00	5.76
17.12.19 01:00	7.83
18.12.19 01:00	15
19.12.19 01:00	11.9
20.12.19 01:00	12.4
21.12.19 01:00	16.4
22.12.19 01:00	13.7
23.12.19 01:00	12
24.12.19 01:00	11
25.12.19 01:00	10.2
26.12.19 01:00	9.14
27.12.19 01:00	8.54
28.12.19 01:00	7.93
29.12.19 01:00	7.49
30.12.19 01:00	7.35
31.12.19 01:00	7.12
01.01.20 01:00	6.86
02.01.20 01:00	6.61
03.01.20 01:00	6.48
04.01.20 01:00	6.23
05.01.20 01:00	5.96
06.01.20 01:00	5.88
07.01.20 01:00	5.81
08.01.20 01:00	5.53
09.01.20 01:00	5.53
10.01.20 01:00	5.33
11.01.20 01:00	5.2
12.01.20 01:00	5.08
13.01.20 01:00	5.14
14.01.20 01:00	4.87
15.01.20 01:00	4.87
16.01.20 01:00	4.86
17.01.20 01:00	4.79
18.01.20 01:00	4.59
19.01.20 01:00	4.51
20.01.20 01:00	4.16
21.01.20 01:00	4.25
22.01.20 01:00	4.32
23.01.20 01:00	4.25
24.01.20 01:00	4.25
25.01.20 01:00	4.25
26.01.20 01:00	4.2
27.01.20 01:00	3.99
28.01.20 01:00	4.19
29.01.20 01:00	3.98
30.01.20 01:00	3.95
31.01.20 01:00	3.96
01.02.20 01:00	3.96
02.02.20 01:00	3.96
03.02.20 01:00	4.74
04.02.20 01:00	5.04
05.02.20 01:00	4.21
06.02.20 01:00	3.94
07.02.20 01:00	3.62
08.02.20 01:00	4.04
09.02.20 01:00	3.95
10.02.20 01:00	3.95
11.02.20 01:00	3.94
12.02.20 01:00	3.72
13.02.20 01:00	3.67
14.02.20 01:00	3.67
15.02.20 01:00	3.63
16.02.20 01:00	3.67
17.02.20 01:00	3.65
18.02.20 01:00	3.67
19.02.20 01:00	3.67
20.02.20 01:00	3.59
21.02.20 01:00	3.57
22.02.20 01:00	3.59
23.02.20 01:00	3.75
24.02.20 01:00	4.7
25.02.20 01:00	5.1
26.02.20 01:00	4.37
27.02.20 01:00	3.91
28.02.20 01:00	3.89
29.02.20 01:00	3.72
01.03.20 01:00	3.67
02.03.20 01:00	3.94
03.03.20 01:00	4.07
04.03.20 01:00	3.63
05.03.20 01:00	3.56
06.03.20 01:00	3.68
07.03.20 01:00	3.45
08.03.20 01:00	3.41
09.03.20 01:00	3.4
10.03.20 01:00	3.4
11.03.20 01:00	3.86
12.03.20 01:00	4.46
13.03.20 01:00	4.42
14.03.20 01:00	4.24
15.03.20 01:00	3.82
16.03.20 01:00	3.71
17.03.20 01:00	4
18.03.20 01:00	4.82
19.03.20 01:00	5.6
20.03.20 01:00	6.37
21.03.20 01:00	6.48
22.03.20 01:00	6.9
23.03.20 01:00	5.88
24.03.20 01:00	4.96
25.03.20 01:00	4.46
26.03.20 01:00	4.02
27.03.20 01:00	4.15
28.03.20 01:00	4.14
29.03.20 01:00	4.42
30.03.20 02:00	4.31
31.03.20 02:00	3.72
01.04.20 02:00	3.4
02.04.20 02:00	3.61
03.04.20 02:00	3.98
04.04.20 02:00	4.27
05.04.20 02:00	4.78
06.04.20 02:00	5.48
07.04.20 02:00	6.3
08.04.20 02:00	7.34
09.04.20 02:00	8.34
10.04.20 02:00	9.37
11.04.20 02:00	10.3
12.04.20 02:00	11.1
13.04.20 02:00	10.9
14.04.20 02:00	10.4
15.04.20 02:00	8.67
16.04.20 02:00	9.79
17.04.20 02:00	10.7
18.04.20 02:00	12.2
19.04.20 02:00	13.6
20.04.20 02:00	17.4
21.04.20 02:00	15.8
22.04.20 02:00	15
23.04.20 02:00	14.3
24.04.20 02:00	14.5
25.04.20 02:00	14.4
26.04.20 02:00	14.1
27.04.20 02:00	15
28.04.20 02:00	15.7
29.04.20 02:00	16.2
30.04.20 02:00	15
01.05.20 02:00	16.1
02.05.20 02:00	14.5
03.05.20 02:00	13.4
04.05.20 02:00	12.8
05.05.20 02:00	13.1
06.05.20 02:00	13.9
07.05.20 02:00	13.8
08.05.20 02:00	14.3
09.05.20 02:00	16.4
10.05.20 02:00	19.5
11.05.20 02:00	31.7
12.05.20 02:00	29
13.05.20 02:00	35.8
14.05.20 02:00	38.8
15.05.20 02:00	50.4
16.05.20 02:00	38
17.05.20 02:00	35.3
18.05.20 02:00	35.9
19.05.20 02:00	36.4
20.05.20 02:00	34
21.05.20 02:00	31.7
22.05.20 02:00	31.5
23.05.20 02:00	32.9
24.05.20 02:00	34.3
25.05.20 02:00	25.4
26.05.20 02:00	22
27.05.20 02:00	19.9
28.05.20 02:00	18.8
29.05.20 02:00	16.7
30.05.20 02:00	15.6
31.05.20 02:00	14.7
01.06.20 02:00	15
02.06.20 02:00	16.6
03.06.20 02:00	17.2
04.06.20 02:00	26.8
05.06.20 02:00	37.3
06.06.20 02:00	22.2
07.06.20 02:00	40
08.06.20 02:00	45.2
09.06.20 02:00	36.6
10.06.20 02:00	35.4
11.06.20 02:00	39.2
12.06.20 02:00	32
13.06.20 02:00	27.8
14.06.20 02:00	27.5
15.06.20 02:00	24.8
16.06.20 02:00	23.9
17.06.20 02:00	24.5
18.06.20 02:00	23.2
19.06.20 02:00	30.2
20.06.20 02:00	22.6
21.06.20 02:00	19.9
22.06.20 02:00	18.7
23.06.20 02:00	19.1
24.06.20 02:00	20.4
25.06.20 02:00	20.5
26.06.20 02:00	19.1
27.06.20 02:00	19.3
28.06.20 02:00	22.1
29.06.20 02:00	22.9
30.06.20 02:00	20.2
01.07.20 02:00	20.3
02.07.20 02:00	20.7
03.07.20 02:00	21.9
04.07.20 02:00	17.2
05.07.20 02:00	16.1
06.07.20 02:00	15.8
07.07.20 02:00	14.9
08.07.20 02:00	13.6
09.07.20 02:00	13.2
10.07.20 02:00	18.1
11.07.20 02:00	18.5
12.07.20 02:00	14.3
13.07.20 02:00	13
14.07.20 02:00	12.6
15.07.20 02:00	12.2
16.07.20 02:00	11.8
17.07.20 02:00	11.7
18.07.20 02:00	10.9
19.07.20 02:00	9.64
20.07.20 02:00	9.26
21.07.20 02:00	9.29
22.07.20 02:00	9.27
23.07.20 02:00	9.65
24.07.20 02:00	10.5
25.07.20 02:00	9.36
26.07.20 02:00	8.47
27.07.20 02:00	7.84
28.07.20 02:00	8.3
29.07.20 02:00	9.31
30.07.20 02:00	8.77
31.07.20 02:00	10.3
01.08.20 02:00	9
02.08.20 02:00	10.6
03.08.20 02:00	21.5
04.08.20 02:00	23.4
05.08.20 02:00	13.3
06.08.20 02:00	12.1
07.08.20 02:00	11.1
08.08.20 02:00	10.1
09.08.20 02:00	9.34
10.08.20 02:00	9.46
11.08.20 02:00	11.3
12.08.20 02:00	10.3
13.08.20 02:00	11.5
14.08.20 02:00	11.8
15.08.20 02:00	10.6
16.08.20 02:00	10.2
17.08.20 02:00	11.8
18.08.20 02:00	10.7
19.08.20 02:00	9.28
20.08.20 02:00	8.87
21.08.20 02:00	8.67
22.08.20 02:00	9.86
23.08.20 02:00	9.93
24.08.20 02:00	8.74
25.08.20 02:00	8.06
26.08.20 02:00	6.13
27.08.20 02:00	5.49
28.08.20 02:00	7.51
29.08.20 02:00	55.6
30.08.20 02:00	121
31.08.20 02:00	57.7
01.09.20 02:00	36.4
02.09.20 02:00	26.9
03.09.20 02:00	20.7
04.09.20 02:00	17.4
05.09.20 02:00	15.6
06.09.20 02:00	17.8
07.09.20 02:00	24.8
08.09.20 02:00	16.5
09.09.20 02:00	14.8
10.09.20 02:00	14
11.09.20 02:00	14.4
12.09.20 02:00	13
13.09.20 02:00	12.3
14.09.20 02:00	11.6
15.09.20 02:00	11
16.09.20 02:00	10.6
17.09.20 02:00	9.96
18.09.20 02:00	9.23
19.09.20 02:00	8.8
20.09.20 02:00	8.37
21.09.20 02:00	8.34
22.09.20 02:00	8.43
23.09.20 02:00	9.36
24.09.20 02:00	9.44
25.09.20 02:00	35.6
26.09.20 02:00	18.3
27.09.20 02:00	14.3
28.09.20 02:00	13.2
29.09.20 02:00	12.6
30.09.20 02:00	12.6
01.10.20 02:00	12.8
02.10.20 02:00	39.8
03.10.20 02:00	194
04.10.20 02:00	86
05.10.20 02:00	71.8
06.10.20 02:00	53.9
07.10.20 02:00	44.9
08.10.20 02:00	36.5
09.10.20 02:00	32
10.10.20 02:00	29
11.10.20 02:00	27.6
12.10.20 02:00	24
13.10.20 02:00	21.5
14.10.20 02:00	19.5
15.10.20 02:00	17.9
16.10.20 02:00	16.3
17.10.20 02:00	14.6
18.10.20 02:00	13.7
19.10.20 02:00	12.8
20.10.20 02:00	12.2
21.10.20 02:00	11.9
22.10.20 02:00	11.8
23.10.20 02:00	11.6
24.10.20 02:00	14
25.10.20 02:00	12.2
26.10.20 01:00	24.3
27.10.20 01:00	30.1
28.10.20 01:00	20.1
29.10.20 01:00	17.2
30.10.20 01:00	16.2
31.10.20 01:00	15.4
01.11.20 01:00	14.3
02.11.20 01:00	14.4
03.11.20 01:00	14.9
04.11.20 01:00	14.6
05.11.20 01:00	13.6
06.11.20 01:00	12.9
07.11.20 01:00	12.4
08.11.20 01:00	12.2
09.11.20 01:00	11.9
10.11.20 01:00	11.7
11.11.20 01:00	11.4
12.11.20 01:00	11
13.11.20 01:00	10.5
14.11.20 01:00	10.2
15.11.20 01:00	9.87
16.11.20 01:00	9.44
17.11.20 01:00	7.59
18.11.20 01:00	7.47
19.11.20 01:00	7.46
20.11.20 01:00	7.54
21.11.20 01:00	7.16
22.11.20 01:00	7.53
23.11.20 01:00	7.91
24.11.20 01:00	7.61
25.11.20 01:00	7.45
26.11.20 01:00	7.24
27.11.20 01:00	7.09
28.11.20 01:00	6.88
29.11.20 01:00	6.72
30.11.20 01:00	6.41
01.12.20 01:00	6.3
02.12.20 01:00	6.36
03.12.20 01:00	6.49
04.12.20 01:00	6.6
05.12.20 01:00	7.25
06.12.20 01:00	14
07.12.20 01:00	13.3
08.12.20 01:00	10.3
09.12.20 01:00	9.05
10.12.20 01:00	8.11
11.12.20 01:00	7.63
12.12.20 01:00	7.24
13.12.20 01:00	6.92
14.12.20 01:00	6.86
15.12.20 01:00	6.81
16.12.20 01:00	6.76
17.12.20 01:00	6.72
18.12.20 01:00	6.53
19.12.20 01:00	6.32
20.12.20 01:00	6.25
21.12.20 01:00	6.18
22.12.20 01:00	6.2
23.12.20 01:00	6.18
24.12.20 01:00	6.52
25.12.20 01:00	6.61
26.12.20 01:00	6.21
27.12.20 01:00	5.91
28.12.20 01:00	6.02
29.12.20 01:00	5.88
30.12.20 01:00	5.64
31.12.20 01:00	5.56
01.01.21 01:00	5.48
02.01.21 01:00	5.57
03.01.21 01:00	5.57
04.01.21 01:00	5.29
05.01.21 01:00	5.27
06.01.21 01:00	5.27
07.01.21 01:00	5.15
08.01.21 01:00	5.06
09.01.21 01:00	4.87
10.01.21 01:00	4.82
11.01.21 01:00	4.88
12.01.21 01:00	5.11
13.01.21 01:00	5.3
14.01.21 01:00	5.43
15.01.21 01:00	5.28
16.01.21 01:00	5.18
17.01.21 01:00	5.21
18.01.21 01:00	5.26
19.01.21 01:00	5.08
20.01.21 01:00	5.03
21.01.21 01:00	5.05
22.01.21 01:00	5.55
23.01.21 01:00	5.92
24.01.21 01:00	5.32
25.01.21 01:00	5.1
26.01.21 01:00	5.02
27.01.21 01:00	4.97
28.01.21 01:00	5.01
29.01.21 01:00	5.05
30.01.21 01:00	4.97
31.01.21 01:00	5.05
01.02.21 01:00	4.99
02.02.21 01:00	4.97
03.02.21 01:00	4.97
04.02.21 01:00	5.04
05.02.21 01:00	5.13
06.02.21 01:00	5.27
07.02.21 01:00	7.49
08.02.21 01:00	8.39
09.02.21 01:00	6.91
10.02.21 01:00	6.55
11.02.21 01:00	5.73
12.02.21 01:00	5.4
13.02.21 01:00	5.17
14.02.21 01:00	4.9
15.02.21 01:00	4.91
16.02.21 01:00	4.93
17.02.21 01:00	5.02
18.02.21 01:00	5.01
19.02.21 01:00	4.97
20.02.21 01:00	5.04
21.02.21 01:00	5.34
22.02.21 01:00	5.61
23.02.21 01:00	5.84
24.02.21 01:00	6.59
25.02.21 01:00	7.29
26.02.21 01:00	7.94
27.02.21 01:00	8.5
28.02.21 01:00	8.26
01.03.21 01:00	7.76
02.03.21 01:00	7.52
03.03.21 01:00	7.39
04.03.21 01:00	6.67
05.03.21 01:00	6.42
06.03.21 01:00	6.23
07.03.21 01:00	6.12
08.03.21 01:00	6.13
09.03.21 01:00	6.02
10.03.21 01:00	5.85
11.03.21 01:00	5.63
12.03.21 01:00	5.52
13.03.21 01:00	5.41
14.03.21 01:00	5.44
15.03.21 01:00	5.14
16.03.21 01:00	4.82
17.03.21 01:00	4.68
18.03.21 01:00	4.4
19.03.21 01:00	4.11
20.03.21 01:00	3.96
21.03.21 01:00	3.93
22.03.21 01:00	3.89
23.03.21 01:00	3.9
24.03.21 01:00	4.01
25.03.21 01:00	4.39
26.03.21 01:00	4.94
27.03.21 01:00	5.23
28.03.21 01:00	5.02
29.03.21 02:00	5.6
30.03.21 02:00	7.03
31.03.21 02:00	9.01
01.04.21 02:00	10.6
02.04.21 02:00	12.1
03.04.21 02:00	11.8
04.04.21 02:00	9.87
05.04.21 02:00	8.58
06.04.21 02:00	7.78
07.04.21 02:00	6.27
08.04.21 02:00	5.89
09.04.21 02:00	5.68
10.04.21 02:00	5.88
11.04.21 02:00	5.82
12.04.21 02:00	5.75
13.04.21 02:00	5.47
14.04.21 02:00	4.75
15.04.21 02:00	4.81
16.04.21 02:00	4.39
17.04.21 02:00	4.38
18.04.21 02:00	4.54
19.04.21 02:00	4.52
20.04.21 02:00	4.38
21.04.21 02:00	4.7
22.04.21 02:00	5.15
23.04.21 02:00	5.6
24.04.21 02:00	6.11
25.04.21 02:00	7.15
26.04.21 02:00	7.94
27.04.21 02:00	7.76
28.04.21 02:00	8.78
29.04.21 02:00	10.6
30.04.21 02:00	16.2
01.05.21 02:00	17.2
02.05.21 02:00	24.4
03.05.21 02:00	15.6
04.05.21 02:00	12.9
05.05.21 02:00	12.1
06.05.21 02:00	11.5
07.05.21 02:00	12.2
08.05.21 02:00	12.1
09.05.21 02:00	13
10.05.21 02:00	17
11.05.21 02:00	30.7
12.05.21 02:00	33.9
13.05.21 02:00	25.9
14.05.21 02:00	23
15.05.21 02:00	21.2
16.05.21 02:00	21.2
17.05.21 02:00	26.3
18.05.21 02:00	21.3
19.05.21 02:00	18.3
20.05.21 02:00	16
21.05.21 02:00	15.1
22.05.21 02:00	15.5
23.05.21 02:00	17.6
24.05.21 02:00	18.2
25.05.21 02:00	22.9
26.05.21 02:00	21.3
27.05.21 02:00	20.5
28.05.21 02:00	21.5
29.05.21 02:00	22.5
30.05.21 02:00	21.8
31.05.21 02:00	22.1
01.06.21 02:00	23.3
02.06.21 02:00	25
03.06.21 02:00	26.7
04.06.21 02:00	31
05.06.21 02:00	37.8
06.06.21 02:00	35.6
07.06.21 02:00	36.8
08.06.21 02:00	38.8
09.06.21 02:00	42.6
10.06.21 02:00	39.2
11.06.21 02:00	39.2
12.06.21 02:00	38.3
13.06.21 02:00	41.8
14.06.21 02:00	41.9
15.06.21 02:00	39.4
16.06.21 02:00	39.3
17.06.21 02:00	42.2
18.06.21 02:00	51.2
19.06.21 02:00	46.6
20.06.21 02:00	44.6
21.06.21 02:00	45.7
22.06.21 02:00	40.6
23.06.21 02:00	35
24.06.21 02:00	32.8
25.06.21 02:00	28.3
26.06.21 02:00	26.8
27.06.21 02:00	27.3
28.06.21 02:00	26.6
29.06.21 02:00	29
30.06.21 02:00	28.4
01.07.21 02:00	23.5
02.07.21 02:00	19.2
03.07.21 02:00	18.5
04.07.21 02:00	20.3
05.07.21 02:00	21.3
06.07.21 02:00	18
07.07.21 02:00	20
08.07.21 02:00	27.5
09.07.21 02:00	33.3
10.07.21 02:00	22.1
11.07.21 02:00	25.5
12.07.21 02:00	20.7
13.07.21 02:00	28.1
14.07.21 02:00	36.9
15.07.21 02:00	27.6
16.07.21 02:00	23.3
17.07.21 02:00	20.5
18.07.21 02:00	22.8
19.07.21 02:00	19.9
20.07.21 02:00	16.5
21.07.21 02:00	16.2
